Name,ExecutionTimeInSeconds
TestCase827,19
TestCase835,1
TestCase1231,46
TestCase3539,48
TestCase973,56
TestCase2240,29
TestCase554,3
TestCase487,5
TestCase429,50
TestCase3499,26
TestCase2473,59
TestCase1061,52
TestCase426,5
TestCase1866,57
TestCase2018,40
TestCase399,42
TestCase1166,13
TestCase2954,50
TestCase2661,13
TestCase35,33
TestCase1810,12
TestCase118,4
TestCase255,8
TestCase3641,13
TestCase130,6
TestCase27,11
TestCase485,11
TestCase641,2
TestCase18,3
TestCase1390,15
TestCase3178,18
TestCase127,7
TestCase2476,13
TestCase888,10
TestCase110,23
TestCase3670,34
TestCase12,10
TestCase3576,38
TestCase3512,22
TestCase2994,57
TestCase363,1
TestCase1149,56
TestCase2965,45
TestCase189,53
TestCase3425,33
TestCase1626,50
TestCase282,16
TestCase3120,42
TestCase226,16
TestCase1186,5
TestCase3070,23
TestCase2991,37
TestCase3405,25
TestCase3584,32
TestCase776,1
TestCase3731,50
TestCase2971,11
TestCase150,6
TestCase2666,39
TestCase943,41
TestCase2268,59
TestCase3557,28
TestCase2554,14
TestCase903,2
TestCase2681,20
TestCase1105,4
TestCase316,3
TestCase1202,55
TestCase1737,11
TestCase494,5
TestCase2243,15
TestCase2426,16
TestCase592,9
TestCase952,28
TestCase3303,40
TestCase3066,35
TestCase2887,13
TestCase3719,42
TestCase154,23
TestCase454,20
TestCase1034,9
TestCase3631,57
TestCase2553,53
TestCase2406,22
TestCase102,3
TestCase2631,33
TestCase533,3
TestCase380,8
TestCase2331,41
TestCase1108,7
TestCase516,32
TestCase3682,54
TestCase3085,16
TestCase2309,21
TestCase1923,11
TestCase1487,51
TestCase372,55
TestCase1022,2
TestCase2890,44
TestCase2580,45
TestCase393,58
TestCase409,5
TestCase1765,16
TestCase1805,21
TestCase2226,49
TestCase730,3
TestCase108,41
TestCase2595,23
TestCase2108,33
TestCase1307,39
TestCase2245,41
TestCase983,4
TestCase1094,8
TestCase1084,9
TestCase1792,26
TestCase1444,55
TestCase1829,19
TestCase2789,49
TestCase1904,37
TestCase1914,57
TestCase938,10
TestCase1026,8
TestCase2541,27
TestCase473,14
TestCase463,20
TestCase3278,20
TestCase382,7
TestCase534,3
TestCase2311,35
TestCase1160,35
TestCase959,5
TestCase523,53
TestCase556,1
TestCase80,60
TestCase1211,39
TestCase2984,53
TestCase155,28
TestCase3315,52
TestCase2270,36
TestCase1195,33
TestCase2210,60
TestCase2207,34
TestCase3096,45
TestCase2120,47
TestCase668,10
TestCase2337,27
TestCase3180,37
TestCase3715,25
TestCase896,5
TestCase3116,52
TestCase1599,19
TestCase1109,9
TestCase230,21
TestCase464,15
TestCase1741,26
TestCase3370,54
TestCase3510,35
TestCase2015,57
TestCase1241,47
TestCase3464,43
TestCase993,22
TestCase2617,59
TestCase1399,19
TestCase2083,54
TestCase1579,44
TestCase554,55
TestCase2295,36
TestCase476,27
TestCase1046,4
TestCase3660,38
TestCase1855,42
TestCase1252,25
TestCase1286,59
TestCase625,10
TestCase3485,38
TestCase1384,60
TestCase1678,56
TestCase1049,9
TestCase504,24
TestCase3521,51
TestCase1420,34
TestCase250,3
TestCase241,22
TestCase2825,13
TestCase2456,43
TestCase2686,23
TestCase1466,60
TestCase1203,8
TestCase3604,38
TestCase415,7
TestCase1066,38
TestCase490,27
TestCase674,1
TestCase1748,16
TestCase145,3
TestCase3692,48
TestCase2771,16
TestCase167,2
TestCase390,10
TestCase424,22
TestCase2826,40
TestCase3031,57
TestCase1834,34
TestCase1492,42
TestCase1198,8
TestCase82,50
TestCase612,28
TestCase431,7
TestCase2837,11
TestCase802,3
TestCase346,50
TestCase3327,14
TestCase970,45
TestCase3124,48
TestCase986,9
TestCase1112,34
TestCase123,35
TestCase3663,25
TestCase1462,21
TestCase608,36
TestCase1336,44
TestCase347,13
TestCase3706,11
TestCase1717,57
TestCase838,2
TestCase2259,38
TestCase1363,26
TestCase1317,26
TestCase1848,44
TestCase433,6
TestCase693,42
TestCase501,5
TestCase2104,45
TestCase107,36
TestCase3113,44
TestCase2148,22
TestCase1775,17
TestCase957,9
TestCase615,6
TestCase1215,9
TestCase3264,53
TestCase1924,26
TestCase2380,33
TestCase3419,12
TestCase2702,35
TestCase827,7
TestCase748,8
TestCase2197,60
TestCase3726,38
TestCase2142,34
TestCase3314,17
TestCase1072,20
TestCase1020,12
TestCase2478,45
TestCase3194,25
TestCase406,5
TestCase618,40
TestCase3235,52
TestCase3073,49
TestCase2360,38
TestCase1460,15
TestCase65,4
TestCase3277,57
TestCase2914,37
TestCase1126,49
TestCase419,7
TestCase1079,9
TestCase3607,48
TestCase1589,31
TestCase992,5
TestCase3036,21
TestCase2499,13
TestCase773,5
TestCase1077,43
TestCase1219,15
TestCase2491,44
TestCase662,57
TestCase2731,13
TestCase630,1
TestCase1128,14
TestCase36,14
TestCase3032,39
TestCase1353,16
TestCase588,1
TestCase3671,59
TestCase1344,55
TestCase521,5
TestCase2571,44
TestCase722,46
TestCase3481,46
TestCase2699,55
TestCase743,29
TestCase1212,5
TestCase263,7
TestCase1993,57
TestCase3714,42
TestCase2941,14
TestCase3283,50
TestCase2121,24
TestCase732,1
TestCase904,24
TestCase3325,46
TestCase2927,19
TestCase80,2
TestCase2659,50
TestCase142,34
TestCase399,2
TestCase3051,32
TestCase2706,24
TestCase1985,57
TestCase2157,12
TestCase1002,30
TestCase2017,51
TestCase2016,32
TestCase1005,16
TestCase551,29
TestCase1083,4
TestCase686,6
TestCase2095,41
TestCase2685,30
TestCase1404,18
TestCase1234,7
TestCase171,8
TestCase3138,44
TestCase62,53
TestCase1070,26
TestCase3444,38
TestCase901,6
TestCase1746,44
TestCase1992,18
TestCase3525,27
TestCase2170,57
TestCase1327,46
TestCase1318,22
TestCase2009,44
TestCase1078,60
TestCase1459,39
TestCase2712,37
TestCase166,2
TestCase2255,49
TestCase958,17
TestCase1221,8
TestCase252,6
TestCase122,1
TestCase2290,30
TestCase845,40
TestCase1809,23
TestCase506,11
TestCase264,52
TestCase1461,42
TestCase1571,36
TestCase2520,49
TestCase65,52
TestCase820,8
TestCase797,41
TestCase296,46
TestCase2128,12
TestCase1907,27
TestCase1226,15
TestCase330,19
TestCase1021,18
TestCase3410,12
TestCase1464,34
TestCase642,7
TestCase1470,11
TestCase1233,10
TestCase167,27
TestCase1303,45
TestCase1315,29
TestCase1120,52
TestCase2308,24
TestCase1251,41
TestCase1291,31
TestCase1784,48
TestCase1092,4
TestCase999,2
TestCase929,13
TestCase2430,19
TestCase29,6
TestCase808,6
TestCase1506,43
TestCase1576,31
TestCase916,56
TestCase234,38
TestCase1012,6
TestCase1173,6
TestCase564,2
TestCase3463,12
TestCase727,2
TestCase1477,37
TestCase682,8
TestCase2705,56
TestCase281,1
TestCase2177,26
TestCase266,5
TestCase3128,32
TestCase694,57
TestCase1049,42
TestCase1338,19
TestCase1987,22
TestCase882,43
TestCase971,6
TestCase3201,35
TestCase3202,31
TestCase1173,15
TestCase525,1
TestCase3672,30
TestCase2768,50
TestCase1268,36
TestCase1957,20
TestCase1704,40
TestCase1373,14
TestCase3345,21
TestCase1114,36
TestCase340,28
TestCase306,50
TestCase2389,31
TestCase306,6
TestCase1930,47
TestCase1071,50
TestCase1955,44
TestCase1224,1
TestCase1944,39
TestCase422,5
TestCase589,49
TestCase977,3
TestCase2648,27
TestCase71,2
TestCase2853,40
TestCase146,27
TestCase213,28
TestCase236,10
TestCase2778,13
TestCase3135,54
TestCase1609,20
TestCase1408,22
TestCase1839,13
TestCase968,19
TestCase779,19
TestCase3404,11
TestCase881,27
TestCase2900,14
TestCase2968,51
TestCase2525,30
TestCase2455,53
TestCase828,55
TestCase1958,49
TestCase2077,28
TestCase868,1
TestCase651,37
TestCase772,1
TestCase158,10
TestCase1439,21
TestCase1008,9
TestCase464,2
TestCase111,6
TestCase3324,60
TestCase271,19
TestCase1169,20
TestCase1951,38
TestCase508,7
TestCase751,4
TestCase1206,52
TestCase958,7
TestCase2593,33
TestCase1824,46
TestCase613,57
TestCase342,7
TestCase1933,41
TestCase456,4
TestCase778,35
TestCase116,8
TestCase3191,38
TestCase573,22
TestCase1969,56
TestCase3376,36
TestCase191,45
TestCase2302,56
TestCase215,2
TestCase1896,17
TestCase3697,14
TestCase1567,33
TestCase3633,46
TestCase3166,23
TestCase750,9
TestCase1254,35
TestCase744,4
TestCase1776,50
TestCase675,1
TestCase2808,29
TestCase1203,30
TestCase1175,7
TestCase1154,52
TestCase3242,58
TestCase689,2
TestCase2034,52
TestCase1616,45
TestCase3097,38
TestCase267,5
TestCase293,6
TestCase247,2
TestCase3349,51
TestCase2400,53
TestCase582,19
TestCase1028,10
TestCase747,4
TestCase1403,24
TestCase829,58
TestCase1023,9
TestCase2103,40
TestCase1690,20
TestCase1837,21
TestCase324,22
TestCase1187,39
TestCase3559,29
TestCase3393,38
TestCase2297,40
TestCase2993,30
TestCase308,21
TestCase162,2
TestCase621,1
TestCase3638,33
TestCase1350,21
TestCase509,6
TestCase936,49
TestCase1143,57
TestCase401,28
TestCase1990,52
TestCase1017,27
TestCase2463,12
TestCase1903,35
TestCase2349,30
TestCase683,36
TestCase2475,50
TestCase584,9
TestCase2482,39
TestCase1846,27
TestCase2279,48
TestCase887,52
TestCase2503,26
TestCase506,2
TestCase2286,35
TestCase69,3
TestCase128,2
TestCase989,1
TestCase1563,16
TestCase3215,36
TestCase2644,16
TestCase3667,60
TestCase2865,45
TestCase913,53
TestCase3237,25
TestCase1471,35
TestCase2159,48
TestCase319,41
TestCase3239,46
TestCase1163,10
TestCase902,4
TestCase383,5
TestCase2073,29
TestCase2944,26
TestCase123,7
TestCase59,4
TestCase1371,28
TestCase3639,39
TestCase3015,26
TestCase1754,50
TestCase1065,10
TestCase1835,25
TestCase265,5
TestCase374,11
TestCase2988,19
TestCase1147,22
TestCase754,24
TestCase367,8
TestCase2102,16
TestCase811,6
TestCase225,45
TestCase1193,5
TestCase1322,51
TestCase610,7
TestCase2770,39
TestCase3219,52
TestCase995,10
TestCase438,21
TestCase229,8
TestCase142,2
TestCase711,4
TestCase2805,37
TestCase3496,34
TestCase3109,52
TestCase992,36
TestCase292,22
TestCase3203,56
TestCase2741,24
TestCase1551,23
TestCase1010,38
TestCase3653,39
TestCase2962,27
TestCase3160,47
TestCase619,51
TestCase1117,1
TestCase1269,18
TestCase3738,15
TestCase1,2
TestCase3173,39
TestCase395,10
TestCase3397,46
TestCase695,2
TestCase3071,26
TestCase2766,26
TestCase3320,57
TestCase3361,50
TestCase3258,32
TestCase899,5
TestCase456,32
TestCase173,3
TestCase2855,30
TestCase1345,17
TestCase2441,33
TestCase818,44
TestCase1778,54
TestCase180,27
TestCase273,28
TestCase538,52
TestCase3429,28
TestCase2864,43
TestCase2139,14
TestCase370,44
TestCase0,6
TestCase416,8
TestCase3395,48
TestCase1271,12
TestCase2757,57
TestCase1003,51
TestCase2677,26
TestCase41,1
TestCase2292,23
TestCase1671,21
TestCase1330,19
TestCase850,1
TestCase1069,19
TestCase43,7
TestCase2972,34
TestCase3558,20
TestCase469,4
TestCase19,10
TestCase3222,34
TestCase305,14
TestCase1339,19
TestCase884,9
TestCase2544,57
TestCase493,43
TestCase407,54
TestCase2260,21
TestCase3013,57
TestCase191,4
TestCase1300,28
TestCase1109,36
TestCase362,53
TestCase2186,25
TestCase3507,47
TestCase220,57
TestCase1,32
TestCase3438,31
TestCase511,42
TestCase1253,16
TestCase3058,19
TestCase152,7
TestCase1114,5
TestCase2123,14
TestCase1237,19
TestCase119,1
TestCase2323,48
TestCase1117,35
TestCase2784,14
TestCase671,31
TestCase280,41
TestCase1735,44
TestCase259,9
TestCase3580,41
TestCase1739,48
TestCase1580,19
TestCase2021,32
TestCase2637,19
TestCase1138,15
TestCase1885,46
TestCase3513,59
TestCase484,6
TestCase2556,29
TestCase181,33
TestCase1032,8
TestCase1146,18
TestCase387,5
TestCase2524,30
TestCase1783,33
TestCase876,4
TestCase326,23
TestCase650,35
TestCase3597,37
TestCase2940,40
TestCase1214,18
TestCase130,25
TestCase659,13
TestCase933,33
TestCase28,30
TestCase1234,42
TestCase1628,59
TestCase2831,32
TestCase819,6
TestCase2618,42
TestCase3179,32
TestCase3129,58
TestCase1770,16
TestCase563,23
TestCase2948,21
TestCase1054,1
TestCase151,40
TestCase755,5
TestCase1218,1
TestCase3390,23
TestCase851,2
TestCase3171,31
TestCase481,59
TestCase542,5
TestCase921,7
TestCase3501,14
TestCase67,11
TestCase241,8
TestCase2885,45
TestCase256,5
TestCase3674,33
TestCase2752,37
TestCase1167,42
TestCase2817,43
TestCase698,4
TestCase420,2
TestCase1232,52
TestCase1089,13
TestCase1970,31
TestCase2057,29
TestCase121,22
TestCase548,5
TestCase520,7
TestCase3249,20
TestCase745,4
TestCase2932,23
TestCase865,19
TestCase3126,18
TestCase404,3
TestCase2669,21
TestCase526,41
TestCase793,4
TestCase2728,57
TestCase1343,48
TestCase3210,55
TestCase2472,17
TestCase1847,48
TestCase2792,45
TestCase569,54
TestCase418,1
TestCase784,4
TestCase1484,14
TestCase2160,27
TestCase645,19
TestCase600,4
TestCase342,33
TestCase359,10
TestCase356,17
TestCase1929,15
TestCase95,56
TestCase2987,19
TestCase2860,46
TestCase701,37
TestCase47,6
TestCase3378,15
TestCase3302,43
TestCase3680,56
TestCase3312,14
TestCase1224,22
TestCase1090,3
TestCase3460,12
TestCase1136,6
TestCase1007,9
TestCase381,12
TestCase3213,23
TestCase322,56
TestCase1118,23
TestCase1081,5
TestCase1107,16
TestCase1125,2
TestCase3245,35
TestCase3448,18
TestCase2636,58
TestCase3154,21
TestCase527,50
TestCase2700,21
TestCase2069,18
TestCase982,41
TestCase552,18
TestCase2843,40
TestCase3267,39
TestCase3591,36
TestCase1223,48
TestCase3295,56
TestCase2573,25
TestCase189,2
TestCase1040,3
TestCase2112,40
TestCase812,2
TestCase2746,50
TestCase3253,55
TestCase2324,15
TestCase183,39
TestCase2848,42
TestCase3343,33
TestCase3355,40
TestCase3522,38
TestCase245,8
TestCase1830,58
TestCase766,1
TestCase1138,4
TestCase731,6
TestCase1047,8
TestCase858,38
TestCase3415,50
TestCase2923,40
TestCase441,2
TestCase579,6
TestCase309,11
TestCase3150,60
TestCase2721,39
TestCase3040,49
TestCase379,41
TestCase38,1
TestCase3141,18
TestCase2842,50
TestCase511,6
TestCase788,10
TestCase3026,16
TestCase1274,47
TestCase864,3
TestCase1544,56
TestCase707,4
TestCase2793,23
TestCase20,45
TestCase3391,49
TestCase2707,47
TestCase2376,18
TestCase2772,49
TestCase3711,17
TestCase866,20
TestCase1217,39
TestCase1119,47
TestCase775,11
TestCase1213,10
TestCase246,28
TestCase851,20
TestCase209,11
TestCase841,6
TestCase2013,60
TestCase248,4
TestCase886,10
TestCase956,55
TestCase2980,21
TestCase2122,13
TestCase1611,22
TestCase536,29
TestCase3658,54
TestCase2336,50
TestCase3019,21
TestCase832,23
TestCase41,49
TestCase452,56
TestCase1901,13
TestCase31,2
TestCase859,7
TestCase267,58
TestCase2486,57
TestCase2070,33
TestCase3461,56
TestCase2479,35
TestCase1073,42
TestCase1246,55
TestCase961,14
TestCase1077,10
TestCase3162,45
TestCase3252,39
TestCase3330,54
TestCase2672,42
TestCase620,9
TestCase3737,16
TestCase1636,18
TestCase3478,19
TestCase2459,11
TestCase35,2
TestCase2470,13
TestCase180,6
TestCase603,55
TestCase1877,37
TestCase2582,22
TestCase666,6
TestCase2959,35
TestCase127,45
TestCase1036,2
TestCase2550,52
TestCase1169,1
TestCase585,43
TestCase2205,17
TestCase151,9
TestCase43,54
TestCase1179,6
TestCase1313,23
TestCase1849,11
TestCase627,47
TestCase373,23
TestCase2737,34
TestCase1613,27
TestCase2577,38
TestCase1409,14
TestCase2716,40
TestCase386,7
TestCase284,15
TestCase1047,53
TestCase1701,54
TestCase3503,50
TestCase861,9
TestCase3190,58
TestCase522,47
TestCase2219,46
TestCase2564,50
TestCase833,9
TestCase3159,19
TestCase679,55
TestCase38,13
TestCase2192,58
TestCase1913,52
TestCase2449,17
TestCase3611,23
TestCase1247,4
TestCase229,49
TestCase164,6
TestCase515,5
TestCase1245,19
TestCase1091,13
TestCase384,1
TestCase2306,12
TestCase2777,15
TestCase2937,57
TestCase264,7
TestCase2333,17
TestCase66,6
TestCase211,55
TestCase1140,3
TestCase769,48
TestCase2567,56
TestCase2874,14
TestCase482,7
TestCase591,7
TestCase1858,46
TestCase2740,55
TestCase1405,38
TestCase1199,47
TestCase989,58
TestCase2347,57
TestCase3535,15
TestCase2938,38
TestCase1865,46
TestCase1424,47
TestCase1086,16
TestCase640,21
TestCase789,29
TestCase458,50
TestCase446,39
TestCase337,47
TestCase1188,1
TestCase1046,23
TestCase962,34
TestCase2546,12
TestCase2209,27
TestCase1791,24
TestCase2488,55
TestCase1219,8
TestCase2856,41
TestCase3064,18
TestCase566,7
TestCase2852,35
TestCase262,3
TestCase885,42
TestCase2647,36
TestCase911,10
TestCase488,32
TestCase1854,35
TestCase3236,36
TestCase1050,41
TestCase703,2
TestCase2000,32
TestCase3416,26
TestCase3152,47
TestCase3158,25
TestCase1852,29
TestCase1093,8
TestCase343,10
TestCase3619,45
TestCase1433,47
TestCase1503,18
TestCase632,5
TestCase1882,26
TestCase720,1
TestCase70,10
TestCase2100,46
TestCase2040,49
TestCase1348,29
TestCase453,3
TestCase2143,60
TestCase1528,23
TestCase605,6
TestCase481,6
TestCase437,3
TestCase3217,59
TestCase1963,38
TestCase739,2
TestCase2313,57
TestCase2101,48
TestCase1347,56
TestCase2461,44
TestCase1284,19
TestCase2006,23
TestCase1431,36
TestCase1099,21
TestCase2165,40
TestCase688,32
TestCase1380,38
TestCase467,4
TestCase2507,42
TestCase392,1
TestCase2256,59
TestCase1736,25
TestCase3383,16
TestCase1999,39
TestCase3214,50
TestCase3218,14
TestCase380,58
TestCase803,48
TestCase918,59
TestCase222,1
TestCase2373,29
TestCase2528,37
TestCase2029,48
TestCase653,54
TestCase3333,16
TestCase3083,26
TestCase1578,30
TestCase966,10
TestCase575,2
TestCase898,5
TestCase2025,43
TestCase1780,25
TestCase3308,41
TestCase732,38
TestCase1861,54
TestCase985,8
TestCase1228,8
TestCase77,38
TestCase434,56
TestCase2735,23
TestCase3564,54
TestCase1879,49
TestCase1740,47
TestCase249,9
TestCase2759,50
TestCase288,1
TestCase403,5
TestCase1152,48
TestCase1000,56
TestCase714,56
TestCase1167,8
TestCase2421,45
TestCase847,57
TestCase296,6
TestCase2431,57
TestCase187,7
TestCase2272,52
TestCase2075,46
TestCase832,2
TestCase174,5
TestCase2041,48
TestCase2727,36
TestCase109,7
TestCase2425,16
TestCase1035,9
TestCase160,10
TestCase1316,29
TestCase2257,40
TestCase2985,21
TestCase671,9
TestCase52,5
TestCase1752,44
TestCase1076,19
TestCase2250,33
TestCase401,6
TestCase153,10
TestCase972,2
TestCase332,5
TestCase857,6
TestCase1261,41
TestCase2390,28
TestCase1850,17
TestCase1037,32
TestCase3353,17
TestCase893,5
TestCase405,40
TestCase2670,34
TestCase2365,31
TestCase328,5
TestCase97,42
TestCase329,10
TestCase726,1
TestCase946,38
TestCase204,24
TestCase3412,23
TestCase450,33
TestCase1485,17
TestCase1359,37
TestCase2391,16
TestCase3136,52
TestCase405,5
TestCase568,10
TestCase1601,32
TestCase891,23
TestCase276,56
TestCase246,10
TestCase457,44
TestCase17,5
TestCase1009,4
TestCase1013,1
TestCase3046,58
TestCase2247,42
TestCase724,5
TestCase529,55
TestCase3052,43
TestCase2442,60
TestCase2743,17
TestCase2723,57
TestCase626,5
TestCase922,34
TestCase1074,6
TestCase74,33
TestCase1178,1
TestCase3337,12
TestCase840,48
TestCase885,6
TestCase514,3
TestCase3157,48
TestCase1507,43
TestCase2527,17
TestCase907,2
TestCase1166,9
TestCase1325,58
TestCase451,1
TestCase2626,41
TestCase628,12
TestCase767,2
TestCase318,54
TestCase946,4
TestCase1889,28
TestCase1028,54
TestCase21,22
TestCase1174,40
TestCase3184,37
TestCase1103,60
TestCase782,43
TestCase108,1
TestCase404,50
TestCase3421,18
TestCase1721,59
TestCase226,8
TestCase1106,4
TestCase846,12
TestCase3344,12
TestCase2378,56
TestCase444,38
TestCase1273,26
TestCase807,7
TestCase1883,58
TestCase3440,32
TestCase1172,1
TestCase32,32
TestCase1137,5
TestCase1090,13
TestCase1213,53
TestCase3288,59
TestCase2810,15
TestCase550,7
TestCase385,14
TestCase1337,12
TestCase721,9
TestCase1158,47
TestCase739,24
TestCase1095,2
TestCase2072,18
TestCase829,2
TestCase1960,38
TestCase1063,33
TestCase2161,23
TestCase1006,7
TestCase2363,12
TestCase1323,38
TestCase1622,40
TestCase32,5
TestCase585,2
TestCase437,39
TestCase1956,42
TestCase940,6
TestCase486,9
TestCase1119,5
TestCase1198,14
TestCase1209,39
TestCase352,3
TestCase354,42
TestCase290,3
TestCase560,1
TestCase2385,14
TestCase1650,19
TestCase2176,56
TestCase2532,33
TestCase3538,14
TestCase363,15
TestCase1598,54
TestCase2377,32
TestCase409,28
TestCase996,9
TestCase2665,58
TestCase1004,3
TestCase1058,40
TestCase1041,5
TestCase725,2
TestCase501,60
TestCase970,8
TestCase388,10
TestCase3357,21
TestCase3164,48
TestCase1131,8
TestCase429,9
TestCase1554,21
TestCase1841,17
TestCase348,40
TestCase230,2
TestCase1149,3
TestCase498,21
TestCase2195,25
TestCase1011,30
TestCase871,7
TestCase3251,18
TestCase2585,46
TestCase432,41
TestCase1501,38
TestCase835,35
TestCase1022,40
TestCase697,6
TestCase2815,37
TestCase2655,14
TestCase3354,40
TestCase1402,33
TestCase3727,11
TestCase3276,13
TestCase975,58
TestCase3069,56
TestCase134,2
TestCase733,7
TestCase1118,5
TestCase2225,36
TestCase810,40
TestCase3636,13
TestCase1416,23
TestCase1681,40
TestCase1600,60
TestCase598,10
TestCase425,2
TestCase3696,44
TestCase539,39
TestCase355,58
TestCase2147,17
TestCase985,55
TestCase831,37
TestCase1217,6
TestCase466,10
TestCase332,37
TestCase2080,45
TestCase879,1
TestCase1686,59
TestCase3505,38
TestCase1154,6
TestCase2285,53
TestCase1684,49
TestCase2203,22
TestCase2335,12
TestCase663,39
TestCase3220,60
TestCase957,29
TestCase3310,26
TestCase840,1
TestCase3441,24
TestCase549,9
TestCase934,3
TestCase53,3
TestCase1856,18
TestCase1085,46
TestCase184,26
TestCase969,57
TestCase1146,5
TestCase2916,60
TestCase1240,16
TestCase3595,53
TestCase310,5
TestCase696,6
TestCase2132,50
TestCase104,26
TestCase752,38
TestCase1015,1
TestCase2296,56
TestCase9,4
TestCase3553,20
TestCase3735,55
TestCase492,7
TestCase99,4
TestCase3745,59
TestCase2440,32
TestCase1189,23
TestCase3527,32
TestCase46,13
TestCase106,1
TestCase2711,21
TestCase487,42
TestCase2361,22
TestCase297,4
TestCase867,31
TestCase839,7
TestCase1005,10
TestCase2635,51
TestCase2386,32
TestCase57,10
TestCase157,37
TestCase1125,43
TestCase764,2
TestCase3208,42
TestCase565,34
TestCase2645,60
TestCase1426,55
TestCase2026,53
TestCase396,15
TestCase963,36
TestCase1101,42
TestCase3207,42
TestCase3722,37
TestCase1120,5
TestCase2514,20
TestCase1038,44
TestCase1354,48
TestCase192,2
TestCase503,3
TestCase176,49
TestCase2913,46
TestCase882,6
TestCase2632,23
TestCase211,5
TestCase185,7
TestCase777,12
TestCase1102,3
TestCase144,32
TestCase866,8
TestCase717,20
TestCase919,5
TestCase2811,56
TestCase17,31
TestCase1045,57
TestCase2634,58
TestCase1383,19
TestCase3709,52
TestCase1398,43
TestCase1423,25
TestCase2056,29
TestCase727,20
TestCase894,54
TestCase3021,32
TestCase3418,23
TestCase3269,14
TestCase786,40
TestCase1170,6
TestCase821,48
TestCase1374,25
TestCase995,14
TestCase2008,47
TestCase2850,53
TestCase2523,37
TestCase1964,53
TestCase804,44
TestCase1478,50
TestCase768,1
TestCase1666,43
TestCase3300,57
TestCase2574,41
TestCase660,26
TestCase1794,43
TestCase490,5
TestCase614,59
TestCase1952,28
TestCase515,32
TestCase1130,33
TestCase378,35
TestCase1803,28
TestCase1687,53
TestCase3216,35
TestCase1412,58
TestCase457,4
TestCase2343,16
TestCase1056,7
TestCase3643,21
TestCase2501,38
TestCase774,1
TestCase979,5
TestCase1902,31
TestCase996,43
TestCase3018,38
TestCase10,50
TestCase2562,50
TestCase24,5
TestCase1365,38
TestCase1080,36
TestCase2969,51
TestCase669,7
TestCase1602,56
TestCase2594,44
TestCase365,3
TestCase1232,8
TestCase2899,34
TestCase2596,25
TestCase2374,25
TestCase359,11
TestCase196,4
TestCase960,9
TestCase496,6
TestCase760,5
TestCase393,6
TestCase1524,36
TestCase1419,31
TestCase3382,28
TestCase1311,43
TestCase2223,54
TestCase1177,10
TestCase3616,41
TestCase914,48
TestCase129,29
TestCase1490,13
TestCase1085,7
TestCase1386,40
TestCase1711,14
TestCase730,28
TestCase1061,8
TestCase875,9
TestCase2326,29
TestCase366,48
TestCase964,35
TestCase465,8
TestCase137,7
TestCase2222,53
TestCase2974,35
TestCase2861,29
TestCase64,1
TestCase1127,9
TestCase2417,45
TestCase2886,39
TestCase3596,13
TestCase314,32
TestCase2977,24
TestCase2212,13
TestCase643,38
TestCase685,52
TestCase349,8
TestCase661,34
TestCase334,42
TestCase224,55
TestCase2341,21
TestCase734,29
TestCase2168,27
TestCase768,20
TestCase3500,41
TestCase774,21
TestCase2519,32
TestCase1083,11
TestCase50,6
TestCase990,6
TestCase463,6
TestCase101,6
TestCase2996,50
TestCase2252,23
TestCase298,1
TestCase2505,17
TestCase1995,12
TestCase1004,31
TestCase1512,45
TestCase121,9
TestCase3200,54
TestCase1583,47
TestCase1094,33
TestCase1593,48
TestCase176,7
TestCase2816,48
TestCase178,8
TestCase833,54
TestCase902,23
TestCase828,4
TestCase1658,40
TestCase378,2
TestCase1135,12
TestCase3187,40
TestCase1950,46
TestCase1931,47
TestCase277,34
TestCase274,54
TestCase3,35
TestCase15,22
TestCase2274,55
TestCase186,2
TestCase1064,37
TestCase624,57
TestCase945,41
TestCase578,20
TestCase3045,35
TestCase163,1
TestCase1453,50
TestCase961,1
TestCase1241,1
TestCase813,57
TestCase145,37
TestCase2678,21
TestCase300,10
TestCase1002,4
TestCase1582,24
TestCase1612,58
TestCase79,4
TestCase288,35
TestCase2307,58
TestCase3423,53
TestCase1845,13
TestCase2769,30
TestCase2901,34
TestCase1953,46
TestCase2117,23
TestCase1074,12
TestCase1103,9
TestCase761,4
TestCase718,17
TestCase1276,48
TestCase3328,44
TestCase1517,51
TestCase1624,20
TestCase55,1
TestCase2022,46
TestCase548,23
TestCase699,2
TestCase3414,56
TestCase3048,47
TestCase2230,12
TestCase1638,33
TestCase2719,42
TestCase49,52
TestCase2135,43
TestCase1116,6
TestCase1379,18
TestCase2518,58
TestCase198,20
TestCase2551,60
TestCase2783,55
TestCase305,9
TestCase2050,44
TestCase697,46
TestCase876,49
TestCase862,45
TestCase4,41
TestCase120,53
TestCase58,8
TestCase3254,18
TestCase2761,32
TestCase637,2
TestCase817,6
TestCase1786,27
TestCase1204,35
TestCase40,17
TestCase566,39
TestCase3247,34
TestCase2747,28
TestCase3146,41
TestCase2189,53
TestCase141,5
TestCase1400,39
TestCase3566,52
TestCase823,36
TestCase2897,60
TestCase3145,31
TestCase435,58
TestCase2555,50
TestCase2081,28
TestCase579,12
TestCase2750,44
TestCase939,59
TestCase2619,20
TestCase256,49
TestCase558,1
TestCase1190,4
TestCase3375,11
TestCase2714,33
TestCase323,6
TestCase125,9
TestCase715,31
TestCase430,25
TestCase683,7
TestCase365,48
TestCase648,15
TestCase3748,17
TestCase997,43
TestCase884,58
TestCase265,46
TestCase711,54
TestCase542,58
TestCase804,8
TestCase2350,33
TestCase524,8
TestCase2288,53
TestCase912,9
TestCase2767,33
TestCase928,20
TestCase939,6
TestCase3589,21
TestCase977,15
TestCase636,8
TestCase3088,45
TestCase608,7
TestCase430,7
TestCase718,9
TestCase204,2
TestCase358,32
TestCase1560,48
TestCase98,56
TestCase1136,34
TestCase2106,24
TestCase2662,13
TestCase258,29
TestCase334,8
TestCase937,10
TestCase3718,55
TestCase577,20
TestCase3374,60
TestCase473,10
TestCase967,3
TestCase1124,1
TestCase2680,59
TestCase1533,26
TestCase1068,1
TestCase2578,20
TestCase2366,50
TestCase2460,51
TestCase3491,23
TestCase590,23
TestCase57,37
TestCase495,52
TestCase899,43
TestCase750,47
TestCase625,58
TestCase520,49
TestCase238,1
TestCase2690,21
TestCase2392,51
TestCase391,41
TestCase3340,16
TestCase512,4
TestCase364,33
TestCase462,46
TestCase1945,16
TestCase749,10
TestCase173,33
TestCase519,27
TestCase1227,6
TestCase890,27
TestCase2625,22
TestCase2602,42
TestCase275,26
TestCase2545,35
TestCase766,14
TestCase3473,16
TestCase3615,45
TestCase3137,12
TestCase3037,16
TestCase3739,39
TestCase2906,41
TestCase448,7
TestCase3593,52
TestCase1162,9
TestCase3717,37
TestCase968,6
TestCase175,5
TestCase1370,30
TestCase2776,23
TestCase630,57
TestCase478,17
TestCase978,6
TestCase627,6
TestCase1139,18
TestCase3193,34
TestCase949,17
TestCase929,10
TestCase2624,18
TestCase1916,29
TestCase440,4
TestCase2724,12
TestCase752,5
TestCase810,2
TestCase954,1
TestCase575,40
TestCase2504,29
TestCase98,2
TestCase3331,20
TestCase336,3
TestCase2749,32
TestCase2206,50
TestCase3494,45
TestCase3426,26
TestCase3394,54
TestCase765,44
TestCase3624,48
TestCase2175,42
TestCase994,10
TestCase2713,41
TestCase2241,18
TestCase3054,48
TestCase500,9
TestCase168,36
TestCase479,12
TestCase126,10
TestCase228,26
TestCase261,4
TestCase3736,30
TestCase692,2
TestCase2953,11
TestCase135,29
TestCase825,9
TestCase2800,14
TestCase848,17
TestCase1334,54
TestCase855,17
TestCase3531,37
TestCase2001,23
TestCase1236,24
TestCase2074,27
TestCase913,5
TestCase1863,47
TestCase1793,40
TestCase1815,24
TestCase821,1
TestCase3186,30
TestCase255,27
TestCase583,5
TestCase2340,52
TestCase442,5
TestCase1442,20
TestCase3174,27
TestCase3155,22
TestCase1716,30
TestCase1104,38
TestCase1364,15
TestCase338,45
TestCase1806,32
TestCase1024,40
TestCase42,6
TestCase3479,59
TestCase2214,30
TestCase1940,55
TestCase1153,36
TestCase1874,42
TestCase528,26
TestCase411,2
TestCase102,35
TestCase1190,24
TestCase1577,24
TestCase3177,46
TestCase2653,13
TestCase197,9
TestCase3272,43
TestCase199,9
TestCase1768,55
TestCase2156,35
TestCase26,1
TestCase1509,28
TestCase2369,58
TestCase1067,26
TestCase1097,5
TestCase453,20
TestCase3028,16
TestCase417,42
TestCase912,11
TestCase443,60
TestCase1566,43
TestCase561,10
TestCase696,27
TestCase2709,21
TestCase3022,11
TestCase2282,21
TestCase895,3
TestCase3212,17
TestCase2592,41
TestCase798,3
TestCase2924,57
TestCase1191,10
TestCase1516,21
TestCase1305,52
TestCase1168,5
TestCase3023,45
TestCase1707,13
TestCase2280,42
TestCase419,14
TestCase722,7
TestCase1237,2
TestCase1631,50
TestCase3532,60
TestCase1825,24
TestCase3601,54
TestCase344,19
TestCase2407,25
TestCase3080,16
TestCase816,50
TestCase2521,15
TestCase2565,52
TestCase1256,59
TestCase2920,42
TestCase2908,19
TestCase1011,6
TestCase2533,37
TestCase950,3
TestCase3592,45
TestCase426,49
TestCase2433,39
TestCase433,57
TestCase1662,28
TestCase1699,42
TestCase905,46
TestCase63,26
TestCase1128,1
TestCase3668,49
TestCase391,5
TestCase206,33
TestCase2997,55
TestCase906,4
TestCase3700,17
TestCase2734,18
TestCase1708,60
TestCase124,55
TestCase2559,14
TestCase3271,44
TestCase760,47
TestCase346,3
TestCase1097,50
TestCase2071,31
TestCase77,4
TestCase2786,30
TestCase2368,26
TestCase1536,44
TestCase604,48
TestCase1018,25
TestCase1828,27
TestCase356,4
TestCase712,6
TestCase2958,40
TestCase327,57
TestCase1610,21
TestCase79,47
TestCase113,14
TestCase682,47
TestCase3105,18
TestCase1108,29
TestCase1511,54
TestCase273,6
TestCase3329,24
TestCase37,9
TestCase526,8
TestCase823,6
TestCase344,6
TestCase3299,46
TestCase3541,28
TestCase375,35
TestCase780,6
TestCase2642,37
TestCase263,33
TestCase1812,55
TestCase2020,15
TestCase2435,42
TestCase3637,43
TestCase923,42
TestCase849,10
TestCase3657,37
TestCase2266,53
TestCase2346,22
TestCase3681,51
TestCase3293,45
TestCase928,2
TestCase880,2
TestCase1067,9
TestCase1160,6
TestCase3091,19
TestCase1897,15
TestCase2872,37
TestCase687,15
TestCase181,6
TestCase706,10
TestCase1029,24
TestCase596,45
TestCase2538,20
TestCase761,13
TestCase1106,24
TestCase2833,59
TestCase3728,48
TestCase2606,49
TestCase1625,44
TestCase439,3
TestCase395,58
TestCase1645,33
TestCase271,4
TestCase1654,59
TestCase3442,56
TestCase797,10
TestCase1132,57
TestCase1928,35
TestCase438,4
TestCase667,9
TestCase1381,52
TestCase228,8
TestCase2657,31
TestCase1808,12
TestCase2003,40
TestCase3704,14
TestCase1853,35
TestCase188,48
TestCase622,46
TestCase2271,53
TestCase155,5
TestCase729,9
TestCase199,28
TestCase3516,36
TestCase2942,58
TestCase735,22
TestCase1033,1
TestCase1559,38
TestCase484,23
TestCase3699,34
TestCase322,4
TestCase3027,58
TestCase149,38
TestCase23,52
TestCase124,7
TestCase898,56
TestCase726,48
TestCase2671,46
TestCase154,2
TestCase351,13
TestCase3263,52
TestCase564,42
TestCase863,21
TestCase617,8
TestCase2730,37
TestCase1438,36
TestCase2998,52
TestCase1001,2
TestCase1467,31
TestCase280,6
TestCase1870,23
TestCase572,4
TestCase756,42
TestCase1965,15
TestCase568,28
TestCase3011,13
TestCase780,38
TestCase2012,52
TestCase240,2
TestCase2857,35
TestCase291,11
TestCase1720,27
TestCase631,3
TestCase3307,16
TestCase1033,48
TestCase3261,34
TestCase1975,18
TestCase3649,13
TestCase245,54
TestCase1961,58
TestCase687,8
TestCase60,5
TestCase3234,59
TestCase1159,1
TestCase22,2
TestCase1639,26
TestCase357,2
TestCase1036,11
TestCase202,2
TestCase2892,19
TestCase239,41
TestCase495,4
TestCase1073,1
TestCase2755,60
TestCase1148,15
TestCase2321,43
TestCase712,19
TestCase1782,27
TestCase2847,26
TestCase397,8
TestCase963,7
TestCase1588,13
TestCase2896,48
TestCase106,45
TestCase3551,56
TestCase600,14
TestCase2304,60
TestCase3311,43
TestCase270,22
TestCase3702,37
TestCase61,1
TestCase918,4
TestCase983,15
TestCase2180,47
TestCase227,10
TestCase2351,16
TestCase480,16
TestCase3469,16
TestCase676,32
TestCase502,14
TestCase2483,45
TestCase908,2
TestCase763,2
TestCase1521,37
TestCase2722,47
TestCase94,7
TestCase883,35
TestCase1458,15
TestCase1893,54
TestCase1508,56
TestCase942,58
TestCase1069,3
TestCase1152,10
TestCase461,13
TestCase1948,44
TestCase656,8
TestCase800,1
TestCase3689,43
TestCase2535,29
TestCase2354,35
TestCase2409,11
TestCase3743,37
TestCase1081,55
TestCase3386,18
TestCase252,39
TestCase681,51
TestCase351,3
TestCase1800,58
TestCase1257,58
TestCase786,8
TestCase1123,4
TestCase741,55
TestCase3608,13
TestCase1881,46
TestCase2905,11
TestCase980,6
TestCase1282,60
TestCase3703,31
TestCase3246,44
TestCase796,26
TestCase1634,42
TestCase1474,14
TestCase846,10
TestCase148,11
TestCase2663,22
TestCase5,29
TestCase1116,32
TestCase2043,25
TestCase2152,47
TestCase385,3
TestCase15,5
TestCase906,29
TestCase789,1
TestCase607,19
TestCase1447,58
TestCase3352,35
TestCase1228,13
TestCase997,10
TestCase96,1
TestCase817,52
TestCase3626,49
TestCase3603,51
TestCase2704,11
TestCase3447,11
TestCase3462,57
TestCase1003,1
TestCase2894,36
TestCase2185,29
TestCase1476,16
TestCase561,60
TestCase669,21
TestCase459,4
TestCase1147,3
TestCase3741,43
TestCase479,8
TestCase3572,33
TestCase3099,45
TestCase563,3
TestCase2091,29
TestCase2949,16
TestCase1014,6
TestCase389,19
TestCase1130,3
TestCase3598,40
TestCase2664,50
TestCase1144,50
TestCase1306,33
TestCase781,11
TestCase7,9
TestCase1132,1
TestCase320,4
TestCase705,16
TestCase3407,16
TestCase3225,54
TestCase2097,53
TestCase694,1
TestCase1788,39
TestCase2228,54
TestCase466,19
TestCase2603,26
TestCase2560,60
TestCase467,39
TestCase3356,43
TestCase350,2
TestCase1200,15
TestCase195,2
TestCase631,38
TestCase3373,20
TestCase377,15
TestCase1006,27
TestCase1145,10
TestCase2412,27
TestCase266,25
TestCase2751,53
TestCase1329,35
TestCase552,7
TestCase1082,42
TestCase3072,54
TestCase1414,29
TestCase89,37
TestCase3684,54
TestCase1465,26
TestCase558,55
TestCase1421,38
TestCase2967,32
TestCase3192,59
TestCase2676,46
TestCase93,47
TestCase574,45
TestCase1157,5
TestCase1043,8
TestCase3170,29
TestCase644,7
TestCase838,33
TestCase244,42
TestCase483,41
TestCase1710,46
TestCase947,57
TestCase1734,50
TestCase2540,47
TestCase3431,19
TestCase3077,26
TestCase1643,58
TestCase2053,17
TestCase1621,43
TestCase197,49
TestCase3533,53
TestCase249,17
TestCase3537,44
TestCase1205,7
TestCase3301,13
TestCase2438,51
TestCase3409,26
TestCase3577,58
TestCase624,5
TestCase653,7
TestCase1113,11
TestCase3734,15
TestCase262,22
TestCase800,28
TestCase820,38
TestCase916,8
TestCase2110,55
TestCase436,10
TestCase2929,13
TestCase28,2
TestCase3450,18
TestCase2364,58
TestCase2492,26
TestCase285,9
TestCase1204,8
TestCase2844,52
TestCase1199,6
TestCase2129,19
TestCase1396,42
TestCase2287,16
TestCase805,46
TestCase1545,27
TestCase3477,13
TestCase3640,38
TestCase759,6
TestCase2115,48
TestCase1048,3
TestCase2420,37
TestCase420,26
TestCase655,3
TestCase272,2
TestCase3495,33
TestCase1248,7
TestCase82,9
TestCase1215,50
TestCase921,30
TestCase220,3
TestCase1101,4
TestCase753,3
TestCase1827,52
TestCase2879,23
TestCase75,58
TestCase1871,26
TestCase312,8
TestCase319,4
TestCase2299,59
TestCase1943,16
TestCase454,8
TestCase1440,24
TestCase1463,27
TestCase984,4
TestCase236,25
TestCase2310,55
TestCase2089,44
TestCase2496,45
TestCase1162,58
TestCase859,26
TestCase3565,59
TestCase160,41
TestCase1801,17
TestCase2986,45
TestCase1331,34
TestCase1393,27
TestCase2867,53
TestCase844,27
TestCase257,9
TestCase417,8
TestCase3081,59
TestCase446,5
TestCase97,8
TestCase3408,17
TestCase2992,54
TestCase1196,32
TestCase1309,17
TestCase922,3
TestCase1648,25
TestCase3669,45
TestCase1017,2
TestCase423,8
TestCase2823,36
TestCase945,1
TestCase1236,9
TestCase1604,32
TestCase182,10
TestCase1055,21
TestCase1520,43
TestCase3705,47
TestCase1032,38
TestCase361,36
TestCase496,34
TestCase1320,37
TestCase3265,42
TestCase991,2
TestCase806,32
TestCase2215,54
TestCase3034,33
TestCase243,37
TestCase609,18
TestCase2216,44
TestCase1332,12
TestCase3454,60
TestCase920,9
TestCase2118,31
TestCase1991,28
TestCase714,3
TestCase1912,37
TestCase283,6
TestCase1319,38
TestCase633,3
TestCase2834,13
TestCase2154,18
TestCase510,10
TestCase3452,11
TestCase207,22
TestCase2051,19
TestCase42,36
TestCase704,14
TestCase3059,23
TestCase1356,35
TestCase1522,14
TestCase1175,32
TestCase933,5
TestCase341,17
TestCase1712,57
TestCase2641,27
TestCase1661,46
TestCase3195,19
TestCase543,1
TestCase2262,31
TestCase809,44
TestCase785,34
TestCase3362,38
TestCase1304,59
TestCase2590,34
TestCase831,7
TestCase224,5
TestCase354,2
TestCase486,52
TestCase2607,50
TestCase2909,16
TestCase247,30
TestCase208,6
TestCase507,4
TestCase2136,27
TestCase904,10
TestCase299,23
TestCase1996,12
TestCase2764,29
TestCase1573,37
TestCase315,40
TestCase665,52
TestCase917,43
TestCase2405,39
TestCase2320,56
TestCase3401,41
TestCase1134,7
TestCase2630,53
TestCase3319,56
TestCase3033,22
TestCase3151,32
TestCase2068,25
TestCase1890,34
TestCase1937,11
TestCase396,4
TestCase122,19
TestCase1934,49
TestCase1205,60
TestCase1133,1
TestCase1523,36
TestCase274,2
TestCase1529,54
TestCase771,58
TestCase207,9
TestCase1534,58
TestCase2629,36
TestCase2060,17
TestCase3358,23
TestCase427,54
TestCase1051,29
TestCase2447,16
TestCase371,58
TestCase2119,23
TestCase590,9
TestCase1482,20
TestCase754,10
TestCase3233,34
TestCase2396,22
TestCase314,1
TestCase223,59
TestCase734,1
TestCase2221,39
TestCase3567,21
TestCase1267,53
TestCase2164,18
TestCase278,45
TestCase2357,37
TestCase509,16
TestCase22,19
TestCase2775,39
TestCase402,48
TestCase1488,15
TestCase406,12
TestCase3090,50
TestCase2568,50
TestCase2851,40
TestCase161,2
TestCase2088,16
TestCase1270,48
TestCase242,19
TestCase2217,41
TestCase1677,20
TestCase2715,34
TestCase2305,41
TestCase2107,12
TestCase1538,13
TestCase2762,45
TestCase872,41
TestCase2935,28
TestCase834,58
TestCase1385,44
TestCase1481,35
TestCase666,11
TestCase91,9
TestCase364,6
TestCase303,55
TestCase794,21
TestCase1019,35
TestCase55,33
TestCase2608,39
TestCase86,59
TestCase2990,24
TestCase668,57
TestCase462,7
TestCase1437,14
TestCase1880,42
TestCase1065,41
TestCase2601,34
TestCase44,9
TestCase1755,26
TestCase679,9
TestCase836,7
TestCase432,3
TestCase3119,42
TestCase982,6
TestCase140,2
TestCase48,33
TestCase1082,2
TestCase791,8
TestCase2558,39
TestCase975,3
TestCase1113,5
TestCase144,3
TestCase987,44
TestCase137,36
TestCase418,38
TestCase257,19
TestCase2446,22
TestCase3468,54
TestCase3430,58
TestCase1797,28
TestCase677,17
TestCase2960,58
TestCase3007,20
TestCase232,27
TestCase971,28
TestCase3490,13
TestCase150,36
TestCase3661,57
TestCase3613,38
TestCase3047,13
TestCase1184,57
TestCase3068,42
TestCase2738,43
TestCase1099,4
TestCase3259,20
TestCase742,31
TestCase2169,47
TestCase183,6
TestCase613,9
TestCase2054,43
TestCase2515,20
TestCase350,47
TestCase517,5
TestCase2970,41
TestCase362,2
TestCase3724,21
TestCase1019,8
TestCase891,8
TestCase1150,9
TestCase3424,33
TestCase2004,25
TestCase2371,16
TestCase2951,60
TestCase1060,41
TestCase1235,10
TestCase941,49
TestCase3511,33
TestCase935,3
TestCase3630,52
TestCase1249,12
TestCase1537,14
TestCase3014,26
TestCase1572,40
TestCase1100,58
TestCase3509,32
TestCase861,42
TestCase353,2
TestCase240,27
TestCase2140,48
TestCase3540,22
TestCase1239,4
TestCase2939,21
TestCase858,5
TestCase2469,16
TestCase2506,35
TestCase1123,50
TestCase545,28
TestCase2404,52
TestCase3428,41
TestCase2078,11
TestCase212,7
TestCase2318,14
TestCase307,7
TestCase1761,13
TestCase408,18
TestCase1248,53
TestCase2229,28
TestCase403,49
TestCase1030,35
TestCase1302,29
TestCase3338,55
TestCase3712,42
TestCase281,56
TestCase3110,39
TestCase1823,35
TestCase3156,25
TestCase242,4
TestCase153,41
TestCase3347,29
TestCase2803,32
TestCase2184,15
TestCase3309,29
TestCase1299,36
TestCase3076,57
TestCase2183,15
TestCase3389,15
TestCase2261,58
TestCase2591,12
TestCase2510,46
TestCase2338,31
TestCase1939,33
TestCase1376,35
TestCase289,3
TestCase327,6
TestCase381,10
TestCase1133,26
TestCase3651,51
TestCase56,10
TestCase161,59
TestCase1936,22
TestCase63,10
TestCase949,3
TestCase1411,42
TestCase39,51
TestCase1158,2
TestCase931,10
TestCase3708,56
TestCase3167,15
TestCase1906,33
TestCase2675,54
TestCase2802,32
TestCase1568,11
TestCase1655,44
TestCase576,5
TestCase1946,48
TestCase29,32
TestCase1750,50
TestCase1031,57
TestCase138,60
TestCase475,5
TestCase147,37
TestCase1010,9
TestCase2760,42
TestCase2871,38
TestCase231,7
TestCase283,52
TestCase1335,57
TestCase1979,31
TestCase36,1
TestCase785,3
TestCase850,37
TestCase1565,28
TestCase416,44
TestCase2838,42
TestCase2639,42
TestCase105,9
TestCase524,13
TestCase862,4
TestCase268,14
TestCase2695,38
TestCase1473,54
TestCase567,3
TestCase639,33
TestCase1796,43
TestCase2116,44
TestCase3432,11
TestCase819,16
TestCase1859,59
TestCase2955,43
TestCase143,1
TestCase1360,39
TestCase1183,7
TestCase34,36
TestCase562,20
TestCase1705,39
TestCase1229,53
TestCase90,6
TestCase2748,34
TestCase1816,36
TestCase637,54
TestCase104,10
TestCase1905,27
TestCase3747,13
TestCase1084,19
TestCase2717,27
TestCase1659,40
TestCase3379,35
TestCase811,37
TestCase813,7
TestCase2575,27
TestCase369,1
TestCase824,8
TestCase1935,27
TestCase2398,34
TestCase3095,25
TestCase2436,55
TestCase2840,52
TestCase873,9
TestCase3400,23
TestCase791,52
TestCase468,57
TestCase1514,23
TestCase955,13
TestCase621,45
TestCase527,8
TestCase3067,40
TestCase1341,40
TestCase3489,14
TestCase1091,6
TestCase1840,24
TestCase2093,55
TestCase1982,48
TestCase2014,42
TestCase2445,38
TestCase1709,44
TestCase1543,51
TestCase340,9
TestCase3232,50
TestCase643,10
TestCase200,4
TestCase2201,22
TestCase1652,59
TestCase2788,48
TestCase3644,22
TestCase3518,11
TestCase3351,48
TestCase2827,47
TestCase3614,37
TestCase54,10
TestCase3590,55
TestCase605,19
TestCase1184,4
TestCase1055,7
TestCase379,1
TestCase3009,23
TestCase1052,6
TestCase3306,30
TestCase2952,53
TestCase298,34
TestCase335,1
TestCase1243,24
TestCase633,23
TestCase1314,27
TestCase623,2
TestCase708,33
TestCase1063,7
TestCase3176,40
TestCase2799,12
TestCase1802,53
TestCase728,34
TestCase856,1
TestCase328,21
TestCase2477,14
TestCase3380,56
TestCase3053,18
TestCase1021,3
TestCase3346,49
TestCase3106,17
TestCase3161,52
TestCase219,57
TestCase521,12
TestCase333,9
TestCase3107,46
TestCase874,9
TestCase75,8
TestCase1436,17
TestCase2481,50
TestCase1454,24
TestCase652,46
TestCase149,9
TestCase1075,15
TestCase1673,29
TestCase1163,11
TestCase537,6
TestCase1283,15
TestCase1757,35
TestCase1967,46
TestCase1214,6
TestCase2910,45
TestCase1898,21
TestCase1605,21
TestCase177,55
TestCase773,37
TestCase2656,38
TestCase3673,41
TestCase787,24
TestCase836,15
TestCase2600,25
TestCase254,36
TestCase587,8
TestCase974,8
TestCase2058,55
TestCase2684,50
TestCase46,2
TestCase1857,21
TestCase792,10
TestCase709,4
TestCase2687,19
TestCase3698,36
TestCase623,22
TestCase205,1
TestCase1899,30
TestCase969,9
TestCase2599,11
TestCase2451,51
TestCase172,1
TestCase2732,39
TestCase71,29
TestCase3197,22
TestCase1731,48
TestCase2325,40
TestCase2172,53
TestCase1773,46
TestCase1059,19
TestCase491,7
TestCase105,41
TestCase59,40
TestCase192,58
TestCase646,6
TestCase1229,8
TestCase716,2
TestCase2358,60
TestCase248,37
TestCase3730,27
TestCase1367,34
TestCase790,30
TestCase2964,42
TestCase3402,33
TestCase301,52
TestCase1785,49
TestCase2587,32
TestCase758,35
TestCase341,3
TestCase118,28
TestCase822,58
TestCase537,59
TestCase595,44
TestCase2995,49
TestCase3571,35
TestCase708,4
TestCase472,40
TestCase2863,46
TestCase2849,45
TestCase878,1
TestCase2174,18
TestCase3629,48
TestCase2466,19
TestCase360,43
TestCase1041,31
TestCase174,29
TestCase2667,17
TestCase2828,38
TestCase1698,51
TestCase2539,45
TestCase3086,30
TestCase2586,36
TestCase1122,10
TestCase497,1
TestCase2355,54
TestCase1491,34
TestCase1920,14
TestCase2753,49
TestCase3316,24
TestCase581,58
TestCase3606,34
TestCase3600,34
TestCase1157,59
TestCase1057,3
TestCase165,42
TestCase1105,36
TestCase2150,53
TestCase753,57
TestCase1072,5
TestCase533,50
TestCase635,25
TestCase2889,39
TestCase1242,5
TestCase1425,29
TestCase2130,49
TestCase92,51
TestCase1023,43
TestCase2797,12
TestCase2552,45
TestCase2085,37
TestCase182,32
TestCase634,5
TestCase665,6
TestCase3270,36
TestCase914,7
TestCase1872,34
TestCase3465,24
TestCase272,25
TestCase872,10
TestCase373,4
TestCase51,7
TestCase3115,36
TestCase713,2
TestCase73,39
TestCase1280,56
TestCase2881,39
TestCase1266,14
TestCase1294,45
TestCase358,2
TestCase1767,41
TestCase3504,38
TestCase629,3
TestCase2880,52
TestCase770,30
TestCase425,57
TestCase2465,23
TestCase2149,56
TestCase1262,46
TestCase2773,57
TestCase3656,53
TestCase1452,42
TestCase64,43
TestCase895,30
TestCase709,38
TestCase2611,44
TestCase54,20
TestCase303,4
TestCase3732,58
TestCase1779,23
TestCase3044,32
TestCase1864,35
TestCase2061,46
TestCase3318,21
TestCase556,41
TestCase1640,56
TestCase2263,38
TestCase2982,11
TestCase2795,14
TestCase2439,25
TestCase1034,56
TestCase3209,54
TestCase735,7
TestCase1585,27
TestCase3273,22
TestCase3364,15
TestCase2543,48
TestCase3292,15
TestCase3678,50
TestCase1542,27
TestCase2692,31
TestCase1088,35
TestCase1058,7
TestCase3686,25
TestCase349,28
TestCase3456,24
TestCase474,1
TestCase2903,57
TestCase1472,56
TestCase1526,42
TestCase1186,38
TestCase3366,26
TestCase839,47
TestCase932,21
TestCase865,6
TestCase129,6
TestCase1575,23
TestCase1121,2
TestCase2032,18
TestCase1448,37
TestCase113,3
TestCase2348,58
TestCase3118,32
TestCase233,4
TestCase436,22
TestCase3693,17
TestCase2912,47
TestCase3621,52
TestCase3211,30
TestCase3436,39
TestCase3568,41
TestCase2819,13
TestCase3445,58
TestCase1968,28
TestCase3573,15
TestCase1206,4
TestCase1981,48
TestCase48,6
TestCase3530,56
TestCase1429,15
TestCase1165,59
TestCase3304,59
TestCase3001,46
TestCase1240,10
TestCase2151,16
TestCase3102,58
TestCase208,44
TestCase1016,26
TestCase2437,17
TestCase740,4
TestCase1054,50
TestCase1592,19
TestCase602,3
TestCase1233,26
TestCase96,53
TestCase518,5
TestCase1974,34
TestCase790,2
TestCase85,57
TestCase3434,29
TestCase428,6
TestCase2915,38
TestCase535,8
TestCase2614,59
TestCase2182,53
TestCase2055,51
TestCase2745,41
TestCase1531,55
TestCase259,17
TestCase710,10
TestCase1249,10
TestCase3322,12
TestCase2563,54
TestCase931,58
TestCase812,21
TestCase1515,56
TestCase883,9
TestCase1822,39
TestCase1230,9
TestCase1087,7
TestCase369,24
TestCase1771,52
TestCase1193,47
TestCase1222,52
TestCase959,37
TestCase756,6
TestCase1134,47
TestCase1038,2
TestCase1052,14
TestCase746,8
TestCase3365,40
TestCase3746,60
TestCase1389,16
TestCase1959,20
TestCase909,27
TestCase398,7
TestCase2936,28
TestCase1832,26
TestCase61,48
TestCase1789,52
TestCase1340,40
TestCase2031,25
TestCase849,45
TestCase2830,15
TestCase1397,18
TestCase2542,51
TestCase1243,3
TestCase1298,34
TestCase3183,55
TestCase1917,22
TestCase572,44
TestCase3281,45
TestCase3148,16
TestCase3089,54
TestCase293,51
TestCase583,35
TestCase1555,26
TestCase3413,21
TestCase335,30
TestCase1942,31
TestCase2605,36
TestCase1135,9
TestCase2027,29
TestCase260,13
TestCase863,6
TestCase2673,29
TestCase3020,36
TestCase99,16
TestCase1493,58
TestCase1053,1
TestCase531,9
TestCase237,57
TestCase1728,11
TestCase591,21
TestCase3683,52
TestCase84,4
TestCase136,1
TestCase1168,32
TestCase869,45
TestCase2131,26
TestCase214,10
TestCase21,3
TestCase86,3
TestCase140,32
TestCase360,3
TestCase1015,60
TestCase162,23
TestCase3749,54
TestCase2344,40
TestCase2832,47
TestCase2099,57
TestCase1811,58
TestCase2489,37
TestCase1894,24
TestCase450,8
TestCase3224,12
TestCase1591,21
TestCase1001,43
TestCase3114,54
TestCase2651,18
TestCase2926,22
TestCase3387,36
TestCase2612,44
TestCase2232,18
TestCase1142,2
TestCase2658,32
TestCase1745,20
TestCase562,6
TestCase930,4
TestCase3317,28
TestCase2300,20
TestCase1171,3
TestCase807,52
TestCase762,50
TestCase1372,36
TestCase837,33
TestCase1700,15
TestCase915,49
TestCase2237,42
TestCase184,2
TestCase1428,14
TestCase165,1
TestCase2688,26
TestCase414,7
TestCase325,15
TestCase843,2
TestCase2839,45
TestCase111,37
TestCase3243,57
TestCase368,3
TestCase13,12
TestCase3650,11
TestCase793,23
TestCase1272,32
TestCase110,2
TestCase2010,22
TestCase299,4
TestCase1724,30
TestCase3168,46
TestCase3623,21
TestCase606,17
TestCase1377,21
TestCase646,55
TestCase317,5
TestCase2869,44
TestCase2198,48
TestCase3268,28
TestCase1450,43
TestCase2137,30
TestCase1355,16
TestCase2822,49
TestCase2868,13
TestCase1096,41
TestCase2030,23
TestCase169,2
TestCase2682,15
TestCase3544,44
TestCase2845,41
TestCase53,16
TestCase532,56
TestCase581,6
TestCase1532,51
TestCase186,36
TestCase1998,54
TestCase919,37
TestCase2372,55
TestCase1607,55
TestCase100,10
TestCase772,54
TestCase1954,42
TestCase3497,13
TestCase1994,18
TestCase1769,46
TestCase468,8
TestCase3061,46
TestCase956,9
TestCase329,23
TestCase678,10
TestCase546,10
TestCase897,21
TestCase3585,40
TestCase822,6
TestCase3587,43
TestCase965,8
TestCase290,29
TestCase1037,5
TestCase935,34
TestCase1196,9
TestCase460,10
TestCase292,5
TestCase366,9
TestCase115,6
TestCase966,38
TestCase2134,37
TestCase2615,45
TestCase1208,55
TestCase1086,3
TestCase2668,21
TestCase777,9
TestCase618,10
TestCase769,7
TestCase2589,52
TestCase210,1
TestCase3130,25
TestCase808,22
TestCase2516,17
TestCase787,4
TestCase881,4
TestCase3255,40
TestCase896,60
TestCase1759,57
TestCase541,12
TestCase737,36
TestCase232,9
TestCase741,5
TestCase944,52
TestCase1238,6
TestCase408,8
TestCase480,1
TestCase3121,15
TestCase1714,47
TestCase2584,50
TestCase2841,22
TestCase1644,27
TestCase3229,47
TestCase3012,13
TestCase2458,38
TestCase347,10
TestCase1194,3
TestCase2191,55
TestCase2204,49
TestCase938,20
TestCase1443,55
TestCase1207,4
TestCase209,4
TestCase76,12
TestCase2754,12
TestCase1475,19
TestCase2234,56
TestCase0,51
TestCase725,43
TestCase1181,23
TestCase1843,40
TestCase3733,26
TestCase900,39
TestCase1430,48
TestCase1818,45
TestCase1185,41
TestCase413,16
TestCase217,12
TestCase877,49
TestCase1129,4
TestCase1762,12
TestCase2976,51
TestCase2011,59
TestCase400,60
TestCase534,50
TestCase3133,21
TestCase411,25
TestCase576,35
TestCase2902,55
TestCase3285,41
TestCase2076,48
TestCase3561,46
TestCase2818,13
TestCase300,51
TestCase1358,53
TestCase663,7
TestCase771,2
TestCase2443,52
TestCase1875,34
TestCase3602,34
TestCase1977,17
TestCase3549,48
TestCase1227,14
TestCase1000,1
TestCase2253,47
TestCase2113,43
TestCase2918,34
TestCase3336,52
TestCase1287,23
TestCase92,6
TestCase2196,27
TestCase3016,21
TestCase2273,44
TestCase451,23
TestCase2495,54
TestCase3087,39
TestCase3038,43
TestCase51,47
TestCase471,40
TestCase1927,27
TestCase3305,21
TestCase179,5
TestCase3646,20
TestCase1836,57
TestCase962,10
TestCase3655,23
TestCase587,26
TestCase870,46
TestCase1680,13
TestCase1694,56
TestCase1908,24
TestCase1221,38
TestCase2989,31
TestCase2570,52
TestCase1518,36
TestCase543,48
TestCase1642,25
TestCase286,60
TestCase139,6
TestCase69,41
TestCase2836,52
TestCase3701,36
TestCase852,53
TestCase513,25
TestCase710,14
TestCase2395,13
TestCase90,21
TestCase3427,19
TestCase133,34
TestCase2339,29
TestCase1833,17
TestCase2581,40
TestCase1220,7
TestCase205,25
TestCase952,6
TestCase681,3
TestCase617,21
TestCase1919,35
TestCase951,9
TestCase944,2
TestCase2328,30
TestCase2066,55
TestCase3256,52
TestCase114,12
TestCase312,17
TestCase1235,24
TestCase803,4
TestCase253,10
TestCase2045,56
TestCase580,49
TestCase109,11
TestCase611,51
TestCase73,8
TestCase937,20
TestCase1527,38
TestCase243,3
TestCase1013,50
TestCase508,57
TestCase1685,34
TestCase1192,6
TestCase1321,18
TestCase2613,54
TestCase844,5
TestCase2238,57
TestCase11,17
TestCase1756,60
TestCase539,6
TestCase636,44
TestCase3000,55
TestCase2002,43
TestCase3453,34
TestCase664,18
TestCase2801,41
TestCase3341,16
TestCase1051,2
TestCase421,38
TestCase1141,5
TestCase695,22
TestCase1053,52
TestCase304,59
TestCase640,4
TestCase2870,43
TestCase778,8
TestCase2898,16
TestCase14,45
TestCase1743,32
TestCase924,4
TestCase889,8
TestCase779,9
TestCase489,5
TestCase2394,37
TestCase1413,52
TestCase1884,33
TestCase402,4
TestCase3563,39
TestCase1510,34
TestCase2316,34
TestCase604,5
TestCase2276,34
TestCase488,7
TestCase3688,55
TestCase355,2
TestCase925,7
TestCase88,21
TestCase1415,43
TestCase223,7
TestCase1435,28
TestCase12,31
TestCase1089,4
TestCase1009,37
TestCase2708,36
TestCase628,7
TestCase2623,46
TestCase2162,45
TestCase1292,24
TestCase998,28
TestCase3687,24
TestCase525,31
TestCase3223,46
TestCase1574,43
TestCase505,7
TestCase3446,53
TestCase920,14
TestCase3122,45
TestCase570,2
TestCase2188,51
TestCase1297,60
TestCase900,9
TestCase361,10
TestCase251,14
TestCase3041,11
TestCase26,48
TestCase353,42
TestCase1500,59
TestCase2213,58
TestCase2,42
TestCase1989,38
TestCase3250,31
TestCase2393,35
TestCase398,30
TestCase716,42
TestCase492,39
TestCase1886,36
TestCase2109,57
TestCase1223,1
TestCase3371,57
TestCase2547,21
TestCase2710,53
TestCase285,17
TestCase2878,44
TestCase1742,43
TestCase776,40
TestCase3707,31
TestCase505,44
TestCase244,3
TestCase3287,22
TestCase2127,29
TestCase2467,31
TestCase2512,17
TestCase3147,44
TestCase1468,24
TestCase2493,52
TestCase1176,12
TestCase1030,5
TestCase532,5
TestCase2583,50
TestCase3720,57
TestCase1394,11
TestCase3188,16
TestCase903,13
TestCase2787,13
TestCase333,23
TestCase3238,14
TestCase767,24
TestCase3617,37
TestCase268,6
TestCase917,3
TestCase3480,50
TestCase1264,31
TestCase3487,11
TestCase310,25
TestCase3685,32
TestCase24,43
TestCase45,33
TestCase2065,22
TestCase1548,35
TestCase3628,44
TestCase1455,40
TestCase770,9
TestCase1039,17
TestCase991,48
TestCase559,6
TestCase3654,29
TestCase218,5
TestCase1674,35
TestCase231,21
TestCase3294,25
TestCase2028,19
TestCase3326,29
TestCase190,5
TestCase3257,16
TestCase427,6
TestCase2494,28
TestCase1633,54
TestCase3360,16
TestCase1556,53
TestCase1148,3
TestCase1790,59
TestCase1973,24
TestCase2517,23
TestCase339,51
TestCase788,50
TestCase848,2
TestCase2809,20
TestCase3483,38
TestCase2291,47
TestCase3476,18
TestCase1635,54
TestCase1804,20
TestCase1451,25
TestCase3385,49
TestCase3231,31
TestCase2345,51
TestCase159,4
TestCase825,22
TestCase762,7
TestCase194,52
TestCase2059,53
TestCase49,7
TestCase531,28
TestCase3647,60
TestCase1301,39
TestCase2876,19
TestCase1156,33
TestCase136,14
TestCase3528,24
TestCase3635,58
TestCase1895,51
TestCase1570,54
TestCase2640,56
TestCase394,51
TestCase374,9
TestCase1351,35
TestCase2094,57
TestCase1557,55
TestCase3492,58
TestCase1962,57
TestCase1093,26
TestCase2698,52
TestCase1696,29
TestCase1290,38
TestCase1182,24
TestCase2883,13
TestCase2821,51
TestCase2549,40
TestCase1164,39
TestCase2384,39
TestCase3266,49
TestCase3388,19
TestCase693,10
TestCase3359,39
TestCase2474,52
TestCase2418,57
TestCase1279,44
TestCase3618,30
TestCase1395,49
TestCase1048,11
TestCase225,10
TestCase856,30
TestCase742,2
TestCase3502,36
TestCase3543,46
TestCase976,3
TestCase2079,38
TestCase701,5
TestCase476,1
TestCase538,9
TestCase494,45
TestCase2742,15
TestCase2511,30
TestCase489,33
TestCase318,1
TestCase2275,60
TestCase3221,59
TestCase2218,15
TestCase3065,20
TestCase3620,46
TestCase557,9
TestCase3594,51
TestCase503,27
TestCase235,26
TestCase2242,14
TestCase2416,46
TestCase847,8
TestCase745,42
TestCase1183,33
TestCase927,35
TestCase979,36
TestCase1689,59
TestCase1540,57
TestCase3348,20
TestCase2036,24
TestCase893,26
TestCase3451,41
TestCase806,4
TestCase1191,33
TestCase215,57
TestCase611,10
TestCase326,4
TestCase58,51
TestCase547,26
TestCase842,8
TestCase886,32
TestCase3676,55
TestCase3716,40
TestCase3139,52
TestCase1663,26
TestCase3003,12
TestCase647,10
TestCase1683,47
TestCase3666,51
TestCase2796,59
TestCase148,6
TestCase50,46
TestCase2098,39
TestCase172,52
TestCase1181,10
TestCase178,58
TestCase544,38
TestCase1486,37
TestCase874,27
TestCase934,59
TestCase519,6
TestCase2471,15
TestCase377,7
TestCase1141,13
TestCase586,8
TestCase642,15
TestCase1145,22
TestCase715,6
TestCase1071,5
TestCase1900,19
TestCase870,4
TestCase3290,47
TestCase2167,11
TestCase805,9
TestCase1165,5
TestCase1753,48
TestCase1076,8
TestCase1590,21
TestCase1603,44
TestCase1819,37
TestCase330,2
TestCase854,4
TestCase650,2
TestCase692,43
TestCase1020,6
TestCase170,32
TestCase545,5
TestCase2930,41
TestCase1670,41
TestCase3057,14
TestCase824,47
TestCase2526,23
TestCase1620,19
TestCase2907,55
TestCase3172,43
TestCase1035,32
TestCase3074,59
TestCase2858,59
TestCase2697,39
TestCase1842,53
TestCase877,7
TestCase213,2
TestCase632,46
TestCase1892,49
TestCase2609,27
TestCase814,53
TestCase3645,31
TestCase990,57
TestCase3248,58
TestCase357,55
TestCase465,48
TestCase1375,57
TestCase3055,41
TestCase91,60
TestCase794,3
TestCase740,54
TestCase2064,45
TestCase1068,25
TestCase279,21
TestCase2781,31
TestCase279,6
TestCase3226,11
TestCase460,57
TestCase170,10
TestCase2342,60
TestCase2572,45
TestCase578,5
TestCase3498,57
TestCase3610,30
TestCase1025,2
TestCase1310,45
TestCase218,27
TestCase1161,16
TestCase415,60
TestCase595,1
TestCase2854,52
TestCase2943,12
TestCase890,6
TestCase3035,44
TestCase1151,43
TestCase1043,56
TestCase2973,56
TestCase2782,39
TestCase345,30
TestCase736,31
TestCase2178,56
TestCase269,1
TestCase3472,37
TestCase3127,52
TestCase2622,31
TestCase1772,55
TestCase1197,29
TestCase1200,3
TestCase1127,48
TestCase25,2
TestCase439,25
TestCase1587,47
TestCase2039,27
TestCase577,6
TestCase3399,31
TestCase1357,23
TestCase190,31
TestCase1814,30
TestCase143,52
TestCase2114,56
TestCase128,23
TestCase1368,30
TestCase3260,31
TestCase1121,39
TestCase1247,36
TestCase2281,60
TestCase1496,20
TestCase338,4
TestCase1201,7
TestCase3004,21
TestCase3742,52
TestCase3149,60
TestCase2046,39
TestCase2125,24
TestCase517,24
TestCase336,54
TestCase3398,29
TestCase3368,56
TestCase2303,15
TestCase2312,40
TestCase1088,1
TestCase1156,2
TestCase2628,15
TestCase175,38
TestCase654,33
TestCase3484,49
TestCase270,9
TestCase616,15
TestCase3367,42
TestCase869,6
TestCase2049,37
TestCase474,28
TestCase2679,30
TestCase2239,13
TestCase3458,28
TestCase1230,58
TestCase2158,18
TestCase3291,39
TestCase1226,6
TestCase389,2
TestCase3198,27
TestCase3574,12
TestCase2683,17
TestCase132,5
TestCase1910,16
TestCase2652,31
TestCase472,4
TestCase801,5
TestCase134,56
TestCase1738,18
TestCase880,55
TestCase1630,52
TestCase864,43
TestCase974,59
TestCase238,47
TestCase705,1
TestCase1722,31
TestCase1664,56
TestCase1446,23
TestCase2251,57
TestCase1115,8
TestCase185,27
TestCase131,15
TestCase584,31
TestCase1706,54
TestCase814,5
TestCase980,44
TestCase528,6
TestCase78,22
TestCase2448,49
TestCase3575,48
TestCase221,29
TestCase504,2
TestCase1207,51
TestCase237,4
TestCase1672,54
TestCase1504,56
TestCase3143,17
TestCase988,34
TestCase738,9
TestCase659,1
TestCase2086,45
TestCase1978,55
TestCase88,1
TestCase1867,23
TestCase926,37
TestCase422,35
TestCase3403,19
TestCase2254,27
TestCase677,6
TestCase781,2
TestCase345,9
TestCase2038,25
TestCase1107,3
TestCase737,2
TestCase1044,12
TestCase3723,53
TestCase287,4
TestCase1758,42
TestCase1066,3
TestCase3648,58
TestCase530,51
TestCase1178,18
TestCase594,6
TestCase295,4
TestCase1595,49
TestCase673,36
TestCase1250,59
TestCase1057,49
TestCase2638,49
TestCase2278,59
TestCase3144,26
TestCase2530,40
TestCase879,26
TestCase1691,29
TestCase1211,5
TestCase8,26
TestCase3117,39
TestCase2411,47
TestCase1027,35
TestCase2498,14
TestCase386,21
TestCase442,14
TestCase549,20
TestCase103,9
TestCase901,52
TestCase3092,38
TestCase2314,57
TestCase452,5
TestCase954,52
TestCase156,16
TestCase1087,28
TestCase3459,28
TestCase2744,26
TestCase117,58
TestCase951,46
TestCase3482,49
TestCase2774,18
TestCase2650,55
TestCase3406,55
TestCase3664,26
TestCase1263,45
TestCase2561,32
TestCase1667,58
TestCase593,9
TestCase2975,34
TestCase2382,40
TestCase9,58
TestCase2597,30
TestCase1060,10
TestCase3282,29
TestCase177,9
TestCase678,48
TestCase607,4
TestCase892,47
TestCase2383,40
TestCase387,31
TestCase2397,54
TestCase2424,20
TestCase2171,58
TestCase3475,40
TestCase214,55
TestCase2362,23
TestCase1623,46
TestCase657,60
TestCase1042,9
TestCase3075,59
TestCase3488,27
TestCase1115,31
TestCase447,10
TestCase3547,44
TestCase3228,55
TestCase599,4
TestCase477,8
TestCase984,14
TestCase1050,8
TestCase1018,4
TestCase2500,27
TestCase2062,59
TestCase1675,22
TestCase855,8
TestCase2484,51
TestCase3050,45
TestCase2978,16
TestCase1703,11
TestCase723,46
TestCase1410,11
TestCase1911,16
TestCase1564,53
TestCase3335,18
TestCase3280,51
TestCase2153,24
TestCase3443,39
TestCase1525,15
TestCase905,10
TestCase3417,52
TestCase448,22
TestCase967,36
TestCase2024,30
TestCase1245,10
TestCase158,17
TestCase1718,15
TestCase315,7
TestCase1619,60
TestCase388,13
TestCase2694,19
TestCase2569,39
TestCase1378,39
TestCase3721,26
TestCase72,34
TestCase83,4
TestCase126,28
TestCase423,16
TestCase1441,39
TestCase987,8
TestCase2044,46
TestCase1110,53
TestCase1422,35
TestCase3506,15
TestCase1641,50
TestCase212,53
TestCase3467,41
TestCase253,46
TestCase514,33
TestCase2399,46
TestCase166,52
TestCase3175,16
TestCase649,18
TestCase156,7
TestCase1947,45
TestCase382,56
TestCase1449,60
TestCase70,45
TestCase475,38
TestCase1489,23
TestCase2035,22
TestCase3181,28
TestCase672,41
TestCase892,1
TestCase2846,34
TestCase3562,58
TestCase702,26
TestCase1258,39
TestCase1651,44
TestCase1647,15
TestCase1122,30
TestCase940,34
TestCase660,6
TestCase728,3
TestCase2144,24
TestCase2758,46
TestCase3042,15
TestCase2294,40
TestCase289,42
TestCase842,42
TestCase27,3
TestCase412,4
TestCase2166,30
TestCase3725,54
TestCase2904,59
TestCase571,7
TestCase571,41
TestCase2422,41
TestCase294,42
TestCase2502,54
TestCase1726,55
TestCase3142,35
TestCase1255,47
TestCase3677,31
TestCase1653,23
TestCase66,29
TestCase586,57
TestCase3029,45
TestCase1617,22
TestCase2332,55
TestCase470,56
TestCase2917,59
TestCase1225,3
TestCase1549,27
TestCase3108,16
TestCase47,17
TestCase485,3
TestCase1932,24
TestCase60,16
TestCase1242,40
TestCase875,13
TestCase3140,19
TestCase655,49
TestCase2621,27
TestCase1007,38
TestCase179,23
TestCase187,58
TestCase221,1
TestCase2067,16
TestCase251,5
TestCase3204,38
TestCase3240,38
TestCase1194,19
TestCase523,5
TestCase1349,46
TestCase1417,53
TestCase826,9
TestCase1966,17
TestCase1922,17
TestCase2315,14
TestCase1851,21
TestCase2381,15
TestCase493,6
TestCase2922,56
TestCase2163,34
TestCase2859,56
TestCase3381,36
TestCase1216,22
TestCase2468,17
TestCase1391,31
TestCase3457,21
TestCase258,5
TestCase2414,30
TestCase909,8
TestCase1369,31
TestCase367,36
TestCase198,10
TestCase6,60
TestCase1618,19
TestCase1535,13
TestCase407,1
TestCase3298,41
TestCase1277,52
TestCase1656,44
TestCase434,4
TestCase3131,58
TestCase654,4
TestCase3039,58
TestCase1569,58
TestCase3377,21
TestCase2566,47
TestCase219,4
TestCase1774,14
TestCase3384,59
TestCase471,8
TestCase1210,23
TestCase978,21
TestCase1111,51
TestCase738,17
TestCase2736,35
TestCase704,2
TestCase2410,59
TestCase2537,50
TestCase1176,10
TestCase1244,10
TestCase1669,19
TestCase331,55
TestCase860,2
TestCase107,3
TestCase1888,21
TestCase2490,59
TestCase250,52
TestCase593,22
TestCase2037,55
TestCase3588,43
TestCase33,43
TestCase2791,12
TestCase1289,19
TestCase818,6
TestCase925,12
TestCase555,53
TestCase323,34
TestCase3581,20
TestCase2289,13
TestCase2087,19
TestCase729,50
TestCase1733,15
TestCase3396,46
TestCase2696,21
TestCase1361,57
TestCase942,10
TestCase953,8
TestCase878,32
TestCase2835,28
TestCase3517,28
TestCase164,13
TestCase700,59
TestCase588,60
TestCase2319,31
TestCase397,26
TestCase67,9
TestCase1278,17
TestCase3010,59
TestCase45,10
TestCase3740,28
TestCase1075,4
TestCase1498,50
TestCase2334,14
TestCase3084,21
TestCase3163,54
TestCase384,43
TestCase1505,45
TestCase798,32
TestCase2231,38
TestCase2610,55
TestCase1719,46
TestCase615,42
TestCase684,12
TestCase3612,18
TestCase16,7
TestCase871,11
TestCase3056,60
TestCase1679,26
TestCase1550,22
TestCase13,8
TestCase3205,55
TestCase4,1
TestCase1407,41
TestCase748,11
TestCase1984,51
TestCase3062,39
TestCase3372,20
TestCase3560,14
TestCase1180,5
TestCase2181,34
TestCase87,4
TestCase674,50
TestCase3123,20
TestCase1025,34
TestCase622,5
TestCase1763,22
TestCase1660,40
TestCase644,25
TestCase2462,37
TestCase1201,31
TestCase634,52
TestCase2534,54
TestCase1333,26
TestCase540,3
TestCase731,51
TestCase146,7
TestCase68,5
TestCase2063,34
TestCase1688,19
TestCase1760,47
TestCase845,7
TestCase2423,35
TestCase3675,27
TestCase1222,8
TestCase2194,52
TestCase3006,59
TestCase1024,2
TestCase3665,47
TestCase2327,23
TestCase888,47
TestCase743,10
TestCase3691,13
TestCase3206,35
TestCase2454,24
TestCase1110,5
TestCase1014,53
TestCase2227,38
TestCase227,43
TestCase2895,55
TestCase2961,22
TestCase311,10
TestCase1926,37
TestCase499,42
TestCase81,7
TestCase1817,39
TestCase31,20
TestCase119,43
TestCase1596,32
TestCase5,4
TestCase2220,55
TestCase1342,55
TestCase580,10
TestCase1584,31
TestCase1668,30
TestCase1189,9
TestCase597,1
TestCase1594,22
TestCase8,3
TestCase313,47
TestCase1288,45
TestCase512,53
TestCase1764,57
TestCase857,39
TestCase2576,18
TestCase1143,9
TestCase2654,55
TestCase3030,49
TestCase927,10
TestCase1469,51
TestCase932,1
TestCase2434,30
TestCase440,25
TestCase1744,36
TestCase1751,24
TestCase854,20
TestCase135,3
TestCase3599,26
TestCase658,53
TestCase2536,60
TestCase3449,48
TestCase656,29
TestCase2877,37
TestCase120,5
TestCase1392,32
TestCase3241,44
TestCase3078,21
TestCase394,9
TestCase1552,32
TestCase3392,34
TestCase930,49
TestCase1170,43
TestCase3079,26
TestCase2981,23
TestCase1218,34
TestCase784,42
TestCase2733,14
TestCase477,30
TestCase837,2
TestCase1104,6
TestCase85,3
TestCase795,16
TestCase3605,19
TestCase606,2
TestCase1406,36
TestCase947,10
TestCase998,1
TestCase2925,59
TestCase698,35
TestCase1155,4
TestCase1434,38
TestCase1499,59
TestCase20,7
TestCase2963,11
TestCase550,55
TestCase603,2
TestCase445,3
TestCase2509,29
TestCase2329,39
TestCase390,28
TestCase700,8
TestCase3002,11
TestCase93,5
TestCase1328,29
TestCase1401,53
TestCase3369,46
TestCase2888,25
TestCase1142,36
TestCase757,4
TestCase2200,27
TestCase3524,12
TestCase3583,19
TestCase2548,28
TestCase125,46
TestCase2048,14
TestCase2317,42
TestCase1171,33
TestCase25,28
TestCase1869,14
TestCase297,58
TestCase261,59
TestCase1312,46
TestCase3582,18
TestCase3244,47
TestCase2264,33
TestCase302,4
TestCase3713,48
TestCase2862,42
TestCase2090,25
TestCase1179,57
TestCase841,38
TestCase1182,9
TestCase23,6
TestCase1026,44
TestCase275,2
TestCase447,58
TestCase1031,1
TestCase723,5
TestCase3548,14
TestCase536,3
TestCase557,52
TestCase1098,22
TestCase1012,17
TestCase1495,38
TestCase458,7
TestCase1209,10
TestCase2779,55
TestCase2557,36
TestCase647,25
TestCase2931,41
TestCase868,22
TestCase371,4
TestCase1497,55
TestCase1352,27
TestCase2866,19
TestCase759,23
TestCase2052,13
TestCase1838,15
TestCase1159,17
TestCase222,38
TestCase1702,18
TestCase1713,16
TestCase1366,24
TestCase1749,52
TestCase95,2
TestCase706,39
TestCase658,6
TestCase2966,56
TestCase2283,15
TestCase376,5
TestCase2487,31
TestCase1747,58
TestCase1308,41
TestCase1131,30
TestCase1188,54
TestCase559,53
TestCase1096,9
TestCase1195,5
TestCase412,43
TestCase2508,14
TestCase62,2
TestCase2145,27
TestCase206,8
TestCase3342,19
TestCase233,47
TestCase217,9
TestCase553,19
TestCase498,4
TestCase2646,32
TestCase1799,23
TestCase657,10
TestCase764,44
TestCase976,22
TestCase2082,17
TestCase2277,56
TestCase649,8
TestCase986,40
TestCase435,5
TestCase684,9
TestCase1111,4
TestCase724,50
TestCase168,5
TestCase1192,51
TestCase3554,54
TestCase2452,27
TestCase193,7
TestCase1723,53
TestCase3098,50
TestCase2450,13
TestCase1098,1
TestCase1519,19
TestCase3334,51
TestCase3546,15
TestCase1095,13
TestCase950,28
TestCase691,28
TestCase2432,30
TestCase1225,19
TestCase1042,55
TestCase2444,16
TestCase594,50
TestCase1172,20
TestCase1627,43
TestCase117,8
TestCase163,29
TestCase1513,55
TestCase2946,59
TestCase1112,4
TestCase2401,33
TestCase941,5
TestCase2187,29
TestCase3586,12
TestCase907,60
TestCase3169,56
TestCase1795,31
TestCase2193,52
TestCase1941,38
TestCase3297,21
TestCase2190,12
TestCase1980,33
TestCase3514,59
TestCase510,47
TestCase802,60
TestCase337,1
TestCase1388,13
TestCase2379,52
TestCase2092,14
TestCase1918,27
TestCase887,10
TestCase1070,1
TestCase2616,37
TestCase1997,26
TestCase320,27
TestCase3043,34
TestCase3536,60
TestCase3632,57
TestCase894,8
TestCase2812,51
TestCase507,30
TestCase1615,35
TestCase2701,40
TestCase3435,12
TestCase908,16
TestCase1238,21
TestCase816,6
TestCase30,12
TestCase641,28
TestCase763,42
TestCase3284,30
TestCase3609,21
TestCase2950,31
TestCase2359,31
TestCase815,32
TestCase972,60
TestCase287,26
TestCase707,33
TestCase544,5
TestCase278,1
TestCase690,10
TestCase157,10
TestCase1925,19
TestCase3134,59
TestCase3552,11
TestCase152,60
TestCase2875,46
TestCase3182,21
TestCase3262,60
TestCase3471,51
TestCase2824,59
TestCase2522,35
TestCase74,9
TestCase2983,45
TestCase2413,14
TestCase736,7
TestCase455,44
TestCase3455,18
TestCase428,52
TestCase1008,39
TestCase1844,32
TestCase72,2
TestCase2934,16
TestCase235,6
TestCase2208,14
TestCase3104,15
TestCase541,3
TestCase100,22
TestCase1983,52
TestCase2814,48
TestCase3005,60
TestCase2911,33
TestCase1730,51
TestCase449,10
TestCase569,5
TestCase316,54
TestCase689,51
TestCase2729,30
TestCase2806,24
TestCase1151,2
TestCase1100,5
TestCase1210,8
TestCase302,43
TestCase1187,2
TestCase1259,22
TestCase1220,21
TestCase673,6
TestCase2720,28
TestCase826,24
TestCase1293,46
TestCase14,5
TestCase2933,60
TestCase999,24
TestCase1285,42
TestCase3694,35
TestCase2763,36
TestCase2794,42
TestCase2957,37
TestCase3286,25
TestCase570,57
TestCase1202,1
TestCase614,7
TestCase1606,31
TestCase3652,42
TestCase89,2
TestCase2513,25
TestCase3662,38
TestCase2649,51
TestCase1813,56
TestCase3100,14
TestCase370,5
TestCase2019,38
TestCase3274,48
TestCase960,34
TestCase3103,32
TestCase2105,54
TestCase1915,40
TestCase210,42
TestCase2464,21
TestCase675,38
TestCase2999,40
TestCase973,1
TestCase981,6
TestCase1547,60
TestCase2124,16
TestCase133,5
TestCase1787,53
TestCase3695,31
TestCase936,1
TestCase3526,52
TestCase796,1
TestCase719,13
TestCase651,10
TestCase2633,46
TestCase597,26
TestCase3289,42
TestCase1445,37
TestCase910,50
TestCase3744,22
TestCase132,36
TestCase2293,17
TestCase616,4
TestCase783,1
TestCase2620,36
TestCase1177,25
TestCase755,35
TestCase3,4
TestCase830,4
TestCase3420,46
TestCase375,2
TestCase1781,12
TestCase3153,11
TestCase1614,44
TestCase1766,25
TestCase1044,3
TestCase567,52
TestCase2891,36
TestCase638,33
TestCase702,6
TestCase2829,29
TestCase601,10
TestCase626,13
TestCase2785,19
TestCase2298,45
TestCase3196,45
TestCase131,10
TestCase2042,26
TestCase499,1
TestCase1124,25
TestCase324,4
TestCase3422,49
TestCase860,35
TestCase76,7
TestCase2265,13
TestCase3542,44
TestCase116,38
TestCase747,41
TestCase744,34
TestCase809,6
TestCase2956,42
TestCase1682,52
TestCase2033,35
TestCase1174,8
TestCase685,7
TestCase1326,36
TestCase965,29
TestCase2604,20
TestCase3350,43
TestCase1197,3
TestCase339,9
TestCase690,46
TestCase2111,57
TestCase2084,53
TestCase2258,30
TestCase1831,24
TestCase3279,38
TestCase2893,42
TestCase2248,51
TestCase39,1
TestCase2233,18
TestCase2660,17
TestCase1140,57
TestCase30,10
TestCase1873,40
TestCase1646,33
TestCase410,29
TestCase2375,23
TestCase3486,32
TestCase3093,19
TestCase18,18
TestCase1820,12
TestCase765,10
TestCase313,8
TestCase188,3
TestCase2979,32
TestCase948,40
TestCase311,27
TestCase469,33
TestCase915,10
TestCase2807,35
TestCase3313,40
TestCase2,8
TestCase530,3
TestCase3515,41
TestCase33,7
TestCase547,4
TestCase2408,45
TestCase2739,14
TestCase139,56
TestCase3411,18
TestCase309,6
TestCase3111,41
TestCase1727,28
TestCase1456,33
TestCase852,9
TestCase3063,31
TestCase782,1
TestCase3534,55
TestCase1208,1
TestCase1725,36
TestCase1986,23
TestCase1921,23
TestCase2790,55
TestCase482,27
TestCase2403,34
TestCase815,5
TestCase169,52
TestCase1346,29
TestCase3578,43
TestCase2497,14
TestCase3474,31
TestCase1296,59
TestCase592,39
TestCase609,6
TestCase1629,15
TestCase993,6
TestCase540,47
TestCase112,16
TestCase321,45
TestCase1632,56
TestCase1938,59
TestCase2428,43
TestCase1657,24
TestCase291,8
TestCase1972,47
TestCase3519,33
TestCase2387,22
TestCase101,34
TestCase3321,23
TestCase751,34
TestCase1546,60
TestCase1732,16
TestCase431,42
TestCase3094,53
TestCase7,41
TestCase546,15
TestCase2126,30
TestCase2244,38
TestCase629,20
TestCase2199,48
TestCase645,10
TestCase664,10
TestCase994,38
TestCase2689,43
TestCase720,39
TestCase1826,56
TestCase2005,48
TestCase1126,3
TestCase2007,45
TestCase2919,33
TestCase1887,12
TestCase3466,31
TestCase955,7
TestCase352,52
TestCase661,5
TestCase691,8
TestCase2419,57
TestCase3189,47
TestCase1715,40
TestCase276,8
TestCase3569,52
TestCase596,4
TestCase948,10
TestCase3659,20
TestCase680,38
TestCase445,11
TestCase652,2
TestCase746,17
TestCase2693,44
TestCase1153,1
TestCase2429,14
TestCase688,6
TestCase721,28
TestCase2780,24
TestCase83,15
TestCase799,4
TestCase749,52
TestCase3493,49
TestCase1729,20
TestCase103,26
TestCase2249,25
TestCase775,8
TestCase343,53
TestCase1581,20
TestCase307,32
TestCase84,46
TestCase676,9
TestCase3556,56
TestCase1062,1
TestCase1185,4
TestCase1665,47
TestCase500,35
TestCase1092,19
TestCase44,33
TestCase535,22
TestCase200,53
TestCase1244,31
TestCase853,28
TestCase483,2
TestCase3642,39
TestCase114,7
TestCase2402,47
TestCase112,2
TestCase599,38
TestCase1860,32
TestCase40,9
TestCase325,3
TestCase239,8
TestCase2269,27
TestCase3339,52
TestCase3545,28
TestCase522,4
TestCase1988,32
TestCase2718,55
TestCase672,2
TestCase1695,35
TestCase2726,22
TestCase1139,5
TestCase1064,10
TestCase2353,27
TestCase141,49
TestCase1027,3
TestCase3017,20
TestCase686,27
TestCase2579,14
TestCase703,44
TestCase308,2
TestCase713,36
TestCase2138,43
TestCase553,3
TestCase3529,34
TestCase1382,56
TestCase717,2
TestCase2928,45
TestCase1483,11
TestCase2211,19
TestCase3470,59
TestCase3008,31
TestCase619,10
TestCase1079,40
TestCase1878,41
TestCase284,6
TestCase1239,23
TestCase502,5
TestCase3275,38
TestCase1045,3
TestCase10,1
TestCase758,5
TestCase286,6
TestCase2367,38
TestCase795,7
TestCase424,7
TestCase3296,48
TestCase1693,13
TestCase1129,55
TestCase1164,4
TestCase2531,23
TestCase1777,57
TestCase2921,45
TestCase1608,58
TestCase1161,7
TestCase1558,44
TestCase94,20
TestCase2884,41
TestCase52,30
TestCase19,28
TestCase2804,60
TestCase470,1
TestCase3625,31
TestCase699,53
TestCase867,8
TestCase295,28
TestCase2388,26
TestCase1862,21
TestCase610,19
TestCase201,8
TestCase1597,20
TestCase1971,49
TestCase414,45
TestCase1502,60
TestCase1040,49
TestCase138,5
TestCase68,40
TestCase639,1
TestCase195,32
TestCase1909,59
TestCase193,57
TestCase81,52
TestCase601,12
TestCase662,7
TestCase1155,19
TestCase3049,30
TestCase1676,43
TestCase461,5
TestCase853,3
TestCase2813,34
TestCase1976,40
TestCase376,50
TestCase2765,44
TestCase926,7
TestCase147,6
TestCase2155,33
TestCase317,54
TestCase3555,21
TestCase518,59
TestCase3729,35
TestCase2352,27
TestCase400,10
TestCase115,35
TestCase670,3
TestCase620,49
TestCase1039,10
TestCase194,1
TestCase159,46
TestCase321,5
TestCase2301,44
TestCase2173,32
TestCase529,2
TestCase441,25
TestCase2330,59
TestCase497,36
TestCase1016,9
TestCase1868,41
TestCase16,58
TestCase3363,18
TestCase981,13
TestCase282,9
TestCase924,40
TestCase3230,33
TestCase953,23
TestCase680,6
TestCase1212,50
TestCase3024,36
TestCase413,4
TestCase2882,48
TestCase491,57
TestCase2725,57
TestCase234,2
TestCase889,18
TestCase3132,19
TestCase3570,15
TestCase3323,34
TestCase459,14
TestCase2703,49
TestCase37,43
TestCase2322,56
TestCase383,20
TestCase2356,47
TestCase964,10
TestCase3112,51
TestCase2480,47
TestCase1281,25
TestCase1541,59
TestCase1649,59
TestCase2427,33
TestCase2246,34
TestCase799,49
TestCase2873,56
TestCase3550,51
TestCase1362,40
TestCase783,46
TestCase3508,36
TestCase1432,52
TestCase1216,10
TestCase757,57
TestCase897,1
TestCase1056,39
TestCase635,8
TestCase3165,35
TestCase2415,44
TestCase792,41
TestCase421,7
TestCase56,44
TestCase2798,51
TestCase2598,41
TestCase555,1
TestCase1295,16
TestCase1387,44
TestCase1078,2
TestCase670,19
TestCase3433,38
TestCase843,12
TestCase3520,11
TestCase443,10
TestCase368,45
TestCase1427,49
TestCase2691,19
TestCase3185,34
TestCase516,6
TestCase602,16
TestCase3579,22
TestCase1080,7
TestCase1102,37
TestCase2947,41
TestCase2643,22
TestCase589,4
TestCase254,10
TestCase834,7
TestCase551,2
TestCase34,1
TestCase3690,54
TestCase372,10
TestCase2588,49
TestCase911,22
TestCase1876,18
TestCase1561,40
TestCase2529,24
TestCase1553,37
TestCase1479,40
TestCase1480,15
TestCase988,8
TestCase1418,50
TestCase202,30
TestCase2453,60
TestCase1231,6
TestCase3332,17
TestCase3627,25
TestCase3199,45
TestCase873,46
TestCase573,8
TestCase1180,40
TestCase269,19
TestCase2284,37
TestCase1798,59
TestCase410,6
TestCase3060,57
TestCase3082,22
TestCase2756,11
TestCase1949,22
TestCase2674,19
TestCase301,3
TestCase2179,17
TestCase304,5
TestCase3101,12
TestCase2370,51
TestCase2202,58
TestCase733,55
TestCase565,2
TestCase455,4
TestCase294,4
TestCase582,10
TestCase2267,60
TestCase667,15
TestCase2141,41
TestCase1821,53
TestCase2146,17
TestCase3679,29
TestCase201,14
TestCase2485,33
TestCase2224,34
TestCase2096,46
TestCase1457,24
TestCase3437,50
TestCase1150,37
TestCase801,24
TestCase444,6
TestCase2945,16
TestCase1697,18
TestCase1494,58
TestCase87,41
TestCase78,8
TestCase574,2
TestCase196,54
TestCase1586,15
TestCase943,4
TestCase2820,26
TestCase2047,26
TestCase513,8
TestCase203,2
TestCase1059,9
TestCase1891,41
TestCase1539,58
TestCase3710,20
TestCase1530,24
TestCase1029,9
TestCase2627,29
TestCase171,14
TestCase1265,31
TestCase2023,34
TestCase1137,33
TestCase2457,31
TestCase478,7
TestCase1275,55
TestCase1637,42
TestCase11,5
TestCase6,7
TestCase2133,25
TestCase1324,53
TestCase1807,13
TestCase392,25
TestCase1562,25
TestCase830,36
TestCase216,9
TestCase203,30
TestCase3622,13
TestCase449,19
TestCase277,7
TestCase1260,11
TestCase216,39
TestCase3227,30
TestCase560,52
TestCase3634,56
TestCase348,1
TestCase2236,15
TestCase648,9
TestCase3439,37
TestCase3125,23
TestCase910,8
TestCase719,9
TestCase260,4
TestCase3025,54
TestCase638,10
TestCase1144,8
TestCase598,48
TestCase1062,41
TestCase331,4
TestCase1246,10
TestCase2235,46
TestCase923,7
TestCase3523,14
TestCase612,2
TestCase1692,54
